original_index,TSNE_1,TSNE_2,label
2691,-6.2463566693421075,9.609112503214789,8
124,-3.0580779045820883,-45.823529960264736,0
160,36.32276198923294,6.610237172902561,4
4124,-32.375836457265216,-3.478134437402092,3
2731,25.494228645587015,30.263921591215162,7
1103,28.54306601334266,-30.093056972479822,6
752,-22.863317505220685,3.4521553841251738,3
3504,-3.173220914613723,-16.90796546100216,5
140,-24.434973826064695,29.816275630303377,2
884,-21.356633491697483,33.494308871373576,2
3844,14.447106785572343,9.11540004646562,1
1391,-19.1556886347248,25.00015625301169,2
2113,-33.74471278854876,-3.4061726023712633,3
1313,6.035436229087781,-9.051023315080439,5
4433,16.084769691993845,34.72198655543027,7
5199,-27.93528374336564,4.326267892490964,3
1662,-6.425195174711788,-13.359308570954177,5
1563,-23.36381142866171,31.202536000281285,2
3425,-2.248563400766211,-47.530525799983806,0
4729,-29.85669132672488,38.48959974425685,1
4662,-30.71712905237232,5.036465797300072,3
860,-3.5868302669551904,-41.25160605228483,0
736,-32.8572793540161,23.540595671398968,2
2014,-32.54615702222985,28.781134113505814,2
3384,-2.029929580015472,-48.980694523183494,0
4451,13.648496869925927,38.830057972820086,7
3996,22.01789860560735,32.38346250108114,7
841,-0.522104965370737,-54.69908711498006,0
354,-22.13204769952621,-9.922396753357877,9
1885,15.279691187171192,35.04127215247234,7
3213,0.08169117306888175,-44.615689559223284,0
4435,-11.733677247737301,3.889430612649329,8
2077,14.5699719691899,3.894291885641373,3
1652,33.492434856718965,15.864229405371981,4
3637,-27.154637922293233,-1.8853381088897243,3
4267,30.173221966063682,-26.544252187035656,6
905,-19.85386721543641,-9.40538159215904,9
1017,-26.208872865016183,-14.662039133163848,9
5378,1.8486902652455657,-47.53031379522662,0
3266,20.766453574680522,36.23354048442334,7
1705,-30.63914831225275,-14.511045202668635,9
5244,30.503025751595995,-30.258295611899097,6
2780,33.18560136741119,12.515494432935085,4
5290,24.815477324705725,28.898193023383712,7
3002,25.194376551800204,-22.054245536753708,6
2602,31.41233396041013,14.739496531665097,4
2698,0.5600095684410983,-8.991935565638068,5
4254,-26.618879358336258,-6.192759622362564,3
2967,-24.03819108986415,-10.893873436515962,9
1306,-23.713717848995483,-13.747147348949987,9
795,37.779410538275336,0.04276327773704168,4
323,36.3990588746669,4.052753546279049,4
1707,-35.98896225384302,-0.9028176434818146,3
1718,-0.7045936628937453,-49.963177737775595,0
1616,-10.611007699293381,11.794709596564623,8
4634,1.123470788244569,-7.977866361281229,5
879,-1.4980432612945203,-8.186481963518789,5
3661,-5.38752958726317,-14.313260625766858,5
3397,30.605894966305456,10.112921068692,4
3160,-4.654345246739557,-51.00178871118926,0
3108,-4.88861162504291,-18.26266920960509,5
360,24.40938994697072,27.829184315651165,7
1815,-3.025110984949025,3.5669600106846824,8
5422,5.305529836306046,13.822380345482703,1
3990,-28.059277651271238,-16.649123344817326,9
1369,-0.30556045131917564,-11.228521603169927,5
4596,-11.934835444892856,6.964082053379126,8
3164,-27.021052430118683,-10.60660762175511,9
1032,-31.682498442696108,3.0377581468705324,3
713,8.831724754313141,15.623633405177792,1
615,30.616735932533835,1.48710798996116,4
4614,5.501524219174843,-8.390677665875375,5
2046,-24.150619137961183,31.46276150942621,2
3019,-9.807684333895553,13.253282868984877,8
906,36.339365833329566,7.7390950121642685,4
2047,-2.6039631815784627,-10.377137700548293,5
1234,-23.045236963400377,-16.771189692668415,9
2187,14.803077120773812,8.827009028749849,1
5161,-32.26886579906576,22.632395890022785,2
4842,16.698091828218775,28.931046250525355,7
2801,32.738072033205796,9.05257246726442,4
1071,-23.640467061811425,-10.952902621660343,9
552,13.870769693191338,7.795946798179088,1
1698,-34.194485545825316,-4.92427845240566,3
5059,-8.032148230998429,-43.94304242279772,0
809,-10.918406681684628,9.405220615382301,8
3253,28.447390110211316,-19.35695430234416,6
3894,-4.200514645156962,-10.141964747620356,5
4940,-0.5656189601793802,18.265780405635564,1
3922,4.381398374580289,13.723864793169076,1
588,-30.848685930837238,-14.752174213859524,5
4663,35.566440742409604,9.644490780971635,4
1414,29.078823860628532,9.173959171207835,9
4183,29.028631418771706,-28.819845575270545,6
2321,-22.77731693661101,-17.400060082724497,9
150,2.5240883832888206,11.719790969590774,1
2313,-27.58098770890013,-15.077271986480161,9
5257,-19.033565559641016,-10.772718227371975,9
1858,-2.425618316671943,4.670374691980643,8
4440,-9.069131072422621,-44.75029289805987,0
2990,-30.48902827904067,-0.11513687559165088,3
3088,-22.61128035876875,-11.541101523358689,9
5408,5.481705836228605,17.11125774865711,1
2725,18.532050343117195,2.099866388258387,9
514,-7.020014432348194,-17.597623766401743,5
3089,2.711678521871416,-47.57329885582497,0
3074,-3.712199744362964,-44.872046088137445,0
4442,-21.325933903890004,0.30578962458594044,3
3257,19.8486755146197,38.207174562668996,7
3876,-4.027355536891224,11.58026951450972,8
3433,11.758876417444778,27.143665447525063,7
3396,-6.205740365582104,13.653523802388838,8
1447,-12.441413132065069,12.837337068052475,8
99,-30.671785001301778,30.807058179575463,2
1067,-4.72027631482464,-49.7760193940782,0
4242,-4.188953250793587,-12.862460891459863,5
3233,1.3363146220057736,-50.29444602781953,0
2651,1.3157065618402792,-52.99240816866565,0
29,-13.233651291822456,-19.69173241626779,8
4280,-9.480398058516462,-10.886764446023072,5
1446,11.459029616640777,26.81229473480837,9
5123,-35.03108334844368,-2.012768248448682,3
2163,-16.928090163646345,-17.474212197561556,9
3772,16.16364394320239,8.009005541744623,1
3704,-2.0421622374307344,-15.74991908555919,5
5458,15.744728379049826,40.27231456743465,7
3489,-28.65904856074968,-3.613815560573154,3
2751,2.386727780580269,16.373190476415772,1
1857,33.566825678976286,6.6211290903320466,4
2361,-25.698245294168856,1.986673741546462,3
2605,19.386155430263216,21.18947006214077,9
71,-30.22533640626595,2.9572141064096273,3
3496,14.047698744150074,7.360776152162903,1
3303,-1.8590316127020436,-43.45236592187739,0
1335,9.019078499084172,15.043956992417616,1
4173,13.559785885428116,35.26708825654992,7
3252,34.69577797872992,15.262764543381895,4
4367,-11.342276138642497,5.698298391452871,8
5024,18.419303857038095,36.62953547184197,7
4735,16.8810351203853,28.469924849269113,7
3853,-6.952368363555834,-45.577639987378504,0
2290,34.96353047716654,15.525588023919923,4
5551,12.196122722029227,33.395713834124294,7
154,-16.306614460933194,14.812017375737764,8
4322,-25.45472313222247,31.952080668639134,2
3884,16.097527367976937,31.35847304753368,7
4415,-11.858621334340224,3.377675524158414,8
2035,36.71613284438673,6.213957408479985,4
4187,11.993289153950316,35.300608650196054,7
5032,17.33144540882726,35.55478966333152,7
3215,-33.23154428800507,-5.575668034692399,3
1715,-1.2976751888759792,-50.12554389934666,0
4130,-19.363713745081068,29.458396365086646,2
2211,11.137102517154766,9.53651470983664,1
2530,-11.926631746069674,-13.26944836514915,5
36,20.43097139375664,22.701912802577098,9
460,22.819446862118212,29.512880049761545,7
1871,23.302889136066863,33.35883029179075,7
3991,-6.3730036138919255,11.255565561426588,8
2435,25.232601981258735,-22.622356143547524,6
1890,-28.91544913133294,-14.9076166692154,9
486,23.68979291788943,28.74526939481928,7
521,-3.057041436724301,-51.698827751149196,0
3694,-16.558057894279912,5.276250218355387,8
39,18.66731758376995,3.923360704053548,4
4781,-31.01866824689855,38.695911424791376,1
2350,-6.1109130994799425,-49.56204985903551,0
756,16.655018103447482,40.45007999783646,7
4239,-4.602125197845911,-45.86379596048748,0
566,-7.8932380141536,5.506935426607064,8
301,-31.30107256886861,-2.72973923416048,3
1508,13.20360071864103,35.11996738400235,7
1042,0.9643747063040397,-48.758741247765215,0
4212,-33.275866561198995,-1.310575270617603,3
866,19.22919093573436,33.96593530328491,7
3414,27.576849247252564,-26.339388855284987,6
4731,-29.581787028069556,-7.040070940963685,3
3157,36.32105203601859,-2.3830732356536126,4
3985,1.7886131609789437,-8.99851122873334,5
4076,-10.569698372967869,2.7410671385548038,8
76,14.08799988026206,37.06774131586836,7
5499,-23.798743817026917,-15.266953635733682,9
2713,-7.3760105177963755,5.249016492117625,8
4549,3.498066442097979,19.156067109484542,1
129,-30.389071416844594,28.027898333301113,2
2899,-30.308958745307343,40.168894018476614,1
2310,26.72274853866266,-23.514299790253094,6
3551,22.403498764631767,34.5415222090209,7
1096,-6.6050273903397585,-48.48551312128736,0
5536,-7.96908300652443,-16.297509178163768,5
3472,26.614331519656222,-25.188096235553076,6
5374,33.883653977353006,-21.231717786414514,6
5297,-27.509503050603172,-5.0032318877785835,3
2083,-20.710672473038265,22.234223845643672,2
348,-19.051904031078077,-7.262687528699152,1
610,-30.879020849088672,38.68456439669518,1
634,31.980020793346924,-22.62475273730941,6
3314,2.222046919916084,21.03701232634194,1
3759,1.9060270507791515,-45.80772456026511,0
2238,-28.32404049230357,30.361210178473723,2
3571,-10.183962288380215,17.714451372579596,8
2763,-29.150175822278086,6.0501931749525575,3
4806,17.777641308482583,31.270263696203163,7
3348,29.379284511941428,12.852922325940265,4
2944,-19.936522671495112,30.452450567557324,2
2116,1.2888039973093768,-6.119849469244945,5
4096,16.68791969373137,35.425530064846114,7
1118,1.0523084494823338,15.61171319567451,1
1684,-29.591833319333492,-13.999805059433188,9
1672,26.60430080354072,-30.172632995643244,6
3202,1.1448331271904093,-47.41657794229826,0
1781,-18.611915374983706,25.84764084387921,2
1918,25.87250716239222,-30.440225912772018,6
5450,11.449588419247378,37.35785543966818,7
1399,-32.958756640218006,1.4022770593351048,3
2472,21.970035244308864,33.12956727950627,7
3453,-6.632708431233002,-14.490480363382868,5
4296,32.34350176781068,3.1521088890670512,4
1813,2.270567390492538,11.979255043974756,1
3682,9.55984945661041,11.856268461948366,1
3284,-10.662782270397345,8.4544531279228,8
687,-28.829133932849146,-1.7416279601430837,3
4121,2.5776050851954495,13.23282620355217,1
4718,-18.85522505202576,-12.370155795206504,9
4957,3.9314818032792798,14.537705768887836,1
3849,27.082283451950378,-22.091348049636327,6
5287,-2.3374914052275675,-51.82234134642394,0
956,-22.048328395094504,34.634289347517395,2
4979,-15.202504293940407,15.876781686712446,8
3306,-15.724545558596336,8.193440456831688,8
3009,-14.653942145762407,10.908443335658953,8
5125,-6.185717571962244,-17.000786844269793,5
765,-24.60089295272479,28.796721136957782,2
1852,25.74227200913548,-30.98016792855731,6
983,-27.287276903795675,25.93617724795632,2
1257,37.12081321266755,0.9135062991869618,4
488,-12.874088283954244,-11.75788938751042,5
2980,-23.533954642981225,29.727279454330198,2
5400,31.788236630912223,-23.639536104637493,6
2447,30.95310818065143,-23.974613587002178,6
1831,15.540770915265206,0.9467071633344243,9
766,31.59249513468906,-20.557401250907308,6
5608,14.002741624341555,36.44692930998328,7
1848,-27.338688218792495,0.09179751533177478,3
1958,17.97115449284497,3.8961310992080267,4
2332,3.471087325576314,-44.097883164533975,4
4563,21.028571734724235,28.67617854018036,7
5351,-26.011439176061653,29.231064711480613,2
5140,-4.460882372329743,-53.098304004622435,0
4920,4.682415978730574,16.36133926678878,1
4512,23.593183046761926,27.438178269687587,7
3039,-20.373941765802112,24.796361116357996,2
2317,0.8719205653950851,18.632046051711935,1
2,16.256380370595224,33.9488223062576,7
2908,-29.784084541740715,26.794830596019025,2
5474,32.88250915390515,11.260242034523833,4
1373,-1.4356108685286681,-12.07042589202582,5
1602,-0.3202412850625254,12.4902179990149,1
4703,30.941697834789373,-22.113119059807033,6
5283,-31.730377207448825,0.5544046609230897,3
1485,-0.8440449769160683,-52.0771595286788,0
3675,-13.149301502630221,9.155208582248974,8
1459,31.340965361684248,-29.845176868182147,6
351,25.106697866060724,28.223985197463342,7
1961,-31.020027218731116,30.160956787084775,2
4069,3.2891769850839627,-10.217856434020398,5
4746,-15.154738596230684,6.591704758904194,8
2515,-5.859886177811939,10.877154402638935,8
556,-17.64745961637102,-11.11200075840374,5
317,31.56245285169891,13.197184567296866,4
5153,19.479066579783165,31.05729126706124,7
4504,3.34320928910152,-11.085776019936647,5
485,20.777773199563512,33.021200683264766,7
3339,19.583429161248077,36.56810795900077,7
4255,-6.713013355350324,-9.435260656932176,5
2759,2.584790501124139,-9.379516680397787,5
2167,23.703561570264156,27.98602700537219,7
3680,11.624228173283292,29.520633104405096,7
343,37.841602088574454,1.5666013198693147,4
2712,-5.15720910937042,-10.935551374152572,5
2877,16.691973856185374,12.359534373241555,1
3890,25.082825398470874,-28.997002369082946,6
4473,29.95356601438992,4.884683998532902,4
1559,-29.875506430973196,1.6245372765829829,3
1634,-3.384311732007729,-12.193632688410949,5
2757,33.41039779502428,7.835703991344302,4
111,32.19816160385939,-26.069702468296267,6
4620,3.5178031826608165,18.230240045984168,1
4281,-2.9538960499239213,-46.39305130687498,0
4445,24.348443384428087,-24.158580618119245,6
4404,23.857358160423487,-23.37026736509658,6
5418,14.552683386524441,40.58706588435767,7
3191,-28.994200392256907,-11.838878533423918,5
5127,19.715843314784635,31.539224801996294,7
2203,19.721847367366202,36.02086438932509,7
1757,31.8138266177859,12.848209817254478,4
3151,-26.744538604786523,27.631287861915826,2
940,-8.309754564417137,11.48773029863254,8
5163,-7.179072421150482,14.59881431383613,8
215,37.09908795843784,10.314928454019256,4
415,27.948297247096814,-33.240566226286916,6
5339,-1.9707686645306295,-52.699011254266736,0
4901,0.9778730680370671,-54.94597781140573,0
2234,-29.192864024174078,-11.740649317651195,5
4656,-25.325247254946497,33.87541830158386,2
1139,-30.529956150386067,25.59082200078322,2
5495,-8.008961960112575,-16.430907030669008,5
515,28.981032295209385,-32.29841530717864,6
5160,-31.974819177965898,22.72012964794982,2
4872,0.14473632772805536,-53.16295559795394,0
100,34.119445468832936,4.9650469364202765,4
3034,-3.978216415381556,-51.678300977811105,0
1233,-7.570112809636904,8.718099292926695,8
3660,24.017433069379805,30.482773510975186,7
1511,-31.62147792127666,30.01051522216872,2
3124,-23.549236276271824,-8.46835871407784,9
3154,36.326859167153955,-2.1247980094956715,4
1305,4.949396434476253,-9.911480004013985,5
2244,-7.2513159042751685,10.141963020407003,8
2052,13.48110876372518,8.307619045297038,1
3837,32.227757364472886,7.59235012219335,4
960,-30.385140989951108,31.805029202072248,2
1547,35.37734901458924,2.9093539485373956,4
4485,27.49340078518994,-28.67394799709785,6
3964,16.907427177187927,8.948832024065242,1
3295,20.840431971094105,30.296469553937794,7
4342,-20.74504936083263,-0.6575795716611913,3
2150,-28.5016194830204,-5.403330717209691,3
2926,-8.611725672276787,-13.379829522382373,5
688,-2.8761529738674603,-11.04836397547129,5
4522,-10.9602380867967,11.519638030591317,8
3799,-26.90710941409451,-9.123602963572534,9
2200,32.54977371252178,-28.14474437929422,6
3516,-22.040976972083357,23.25995924898417,2
534,-32.21945784769908,0.4320550006525738,3
1595,0.6692832402034079,19.680193476587764,1
4111,-6.999722347411133,-11.751487261021275,5
5112,-29.9544120848498,23.629412974234,2
4209,-5.702159236993342,-50.69706202169054,0
1196,-34.94758935203731,-5.448398288089126,3
1410,-10.204277918794396,15.726317361384458,8
2363,30.36272042459291,-32.11166275983114,6
3247,-23.657493105120388,-18.692314985780083,9
438,31.32305773789269,7.439101556236635,4
1796,-21.35488484287295,-14.231067279064911,9
2380,-21.33712827492154,6.798114292677771,3
2449,19.804605343020263,35.08769616117559,7
1892,24.008635793626254,-29.153371413372756,6
5122,-33.318564156439294,25.965198946413075,2
672,0.7339502400242416,-11.10535048519892,5
4075,0.5756810396923967,-47.72190944731147,0
2032,24.0605985975853,-27.263102287226896,6
250,9.480095115495521,12.054998614808456,1
5036,5.5940362505863055,16.585314523720093,1
1749,-21.99671764148827,31.344956154159078,2
5578,28.12187402158591,-21.529916050798544,6
5013,-1.5758659298235094,-8.328786117166223,5
2732,12.369332782744248,29.96997518020411,7
5572,26.306576716891765,-24.579826022756073,6
2810,-3.7114537196315154,-43.785051146639546,0
446,-6.121562568293632,-11.507800284839128,5
420,-11.243605693162444,8.343850880506585,8
629,-6.659000472507267,8.43902622663644,8
3258,-8.346349257377081,13.452311663493143,8
1266,-3.413087182466044,-43.17588261863571,0
2499,-28.161746943176574,-5.766098037029105,3
1012,28.368334703871586,12.5237099179165,4
3013,29.526316439109685,-31.495189720782506,6
1151,-4.394073875232327,-48.704621984024186,0
3584,33.02053528537333,-24.697971880211913,6
4289,11.394043929536991,10.10698877684303,1
87,19.61185025119422,21.786649090923202,9
5363,-18.523853116232203,-9.909179728715634,9
3481,35.27455720557913,1.5455041482104297,4
3803,-2.30491970037494,-49.54043262407846,0
1031,-21.76313655468272,28.590978934232904,2
2144,-26.026018962160347,-2.1555327693883912,3
1138,-12.050736232418577,11.191384475179982,8
3808,-27.93658535722453,2.279914901648676,3
1605,-1.6628897630646386,-44.8654183717598,0
3490,-5.674704392593916,16.33118109875826,8
1060,-1.439721778845715,-14.350562729327587,5
1265,-5.485361457237481,-12.861288039681149,5
1820,-36.04769556774231,-2.915542722017289,3
2592,7.869580457432569,14.856363175305038,1
3173,-8.735730549139504,15.403279322778062,8
1272,1.0233850789734504,13.357958854692315,1
3031,-21.439821288119813,30.07544875384107,2
5258,-2.1565176264380814,-54.950112101856895,0
1095,-24.684748608486338,-11.83858199265381,9
5419,-7.810081393172507,14.363239786721989,8
4081,-23.349722433617558,28.445607687632155,2
2105,5.323719788465094,-8.697030728820756,5
2702,-31.922291980759233,25.7638208841598,2
3485,-20.05987945768164,-11.866557431900144,9
3334,-16.066459465778117,-6.739854431069458,3
5083,-29.152199771085673,5.228304393203841,3
1271,-5.985122645067193,15.148747916863472,8
3888,29.887034233524417,-24.364456695734557,6
2041,36.070163142928024,0.022851587963902444,4
2141,-27.368395557094946,30.420201382941634,2
3376,-28.33998107393425,-17.01718373889683,9
276,-4.962454368800862,4.935681119089596,8
4706,2.719439114825633,19.289224360640166,1
2553,37.070786904849065,5.571925854460393,4
1655,16.1035396646631,1.1824754615488728,9
3881,27.179412117244656,-24.129607124718568,6
3763,4.894491260277497,12.64867024784999,1
2365,-2.4668924413083726,-16.543759837949466,5
1742,17.67713380730605,34.19679404537897,7
3658,32.84289591419087,5.916247473915789,4
2852,-7.80418093251043,-9.484053999350571,5
1765,34.069169120563856,10.290130618255006,4
5616,-3.0286875880682564,-43.97365072916617,0
4788,-28.744020894242006,-8.38445242829192,3
2818,-3.116059092499727,4.926457472994037,8
3627,27.443895220730386,-30.235055197422692,6
4256,11.870550080522833,9.433776918130247,1
1838,11.154005053039914,36.272543510375534,7
94,34.83325372143519,3.762431455242052,4
3446,-7.562456778557905,7.976809600987709,8
4011,26.566988037343144,-26.8138641464165,6
3896,-25.235099798898652,-10.534266736725321,9
3614,-28.406642825011694,-0.8344672917008977,3
3025,14.437370523623084,4.573004581904319,1
306,32.19618779338561,14.075319583266733,4
5453,-34.92175393818832,0.3423604363443709,3
461,-28.30289570729516,28.21049356076317,2
3650,-15.884129295570078,-13.194491980388849,9
644,-25.32963509378501,30.704070582659266,2
2125,-9.88326259604563,6.22012608899788,8
3942,-28.511831986705623,-13.598441850595195,9
2110,-6.083756179492811,17.46386425535108,8
2153,18.03267547582167,34.83043584302923,7
1533,-19.74142320058884,-16.482356668311272,9
3287,-10.403353326911052,9.840055998133709,8
3319,-26.39853181896884,-3.6168806356048586,3
4208,-31.465615085646604,1.8096241537850697,3
5052,-7.360732065644889,-42.656084063645935,0
413,16.63769647308457,31.31341671789895,7
797,-10.330389238197325,-15.123966498314852,5
4362,-21.079972685590118,2.72444267118823,3
3874,-20.06725447111919,20.887552534470764,2
3322,-5.595665188671237,-46.827988191340296,0
1675,-5.001621939044708,-15.324971969966885,5
2752,24.83459726651531,32.03305622996139,7
4202,-6.6291629026382575,6.35221409102138,8
2434,-28.383324149924533,-16.983777343677836,9
4924,1.2502931053128474,-11.26077215778063,5
3904,18.20354246835578,34.05721287485836,7
1824,-1.2131815321659725,-10.55953427042641,5
4264,-3.1270727940696044,-50.51727886502189,0
4102,-29.99098018370566,-1.8862956845130965,3
4214,-6.996440885984512,-9.944677841153124,5
4569,33.092230830627,17.604760619202406,4
2087,15.698513032647838,6.413722550901127,1
988,-30.296841252616666,4.221460132368214,3
1452,-13.747833176035053,12.682712388987582,8
56,-5.648249845583971,-48.78936090831902,0
3226,1.197652874920399,17.189017000566878,1
1879,-29.0875479443334,-4.191873392530554,3
1141,-20.12980474209702,-15.056613078662778,9
4984,33.71624358678425,9.570885300090154,4
3509,12.035232030692715,8.701662897738585,1
1966,35.648086980440915,4.530329609427746,4
924,17.215367958991877,8.78737251792792,1
1647,34.23273577902214,14.26804122585016,4
3638,-16.43829753384744,5.269712460297392,8
3113,31.022878996097692,7.918280950740829,4
5196,13.105269673728385,37.77845331500783,7
842,20.642778824653938,36.712295355914215,7
1382,0.9581156559134758,-45.050455709556516,0
5110,0.16711083211781155,-53.992832784008186,0
2081,0.5396524973514533,20.037876375795697,1
4010,-25.418018535782032,34.77629605543007,2
5249,14.118326484275268,6.14868314440616,1
388,3.141179130637394,13.786824271609184,1
2856,-28.819600055839853,2.362532124369098,3
5117,15.520661909969858,39.617472650231385,7
5044,37.93403112179957,4.422113990063155,4
1320,33.06385925971252,-24.062193551302464,6
1516,-11.455466757857991,-15.44129050321126,5
4352,-21.23028842819409,0.9351624895921641,3
4615,4.388927079877024,-43.4440470634929,6
1588,-0.3020865329472979,14.485386894263877,1
3275,-1.5832233915313707,-53.407947998317816,0
1704,4.0205529995469105,16.869847421192254,1
3291,23.08351444976462,31.07651911042702,7
2997,17.019960956907095,3.0907383948588167,9
4747,-24.130488417017016,-15.908277836879098,9
380,-20.531874204829286,25.728028898939783,2
2579,32.99315516952136,13.436277984781912,4
4428,-20.40155228478688,1.325653793462947,3
4272,-26.263594859285277,-7.887911715049411,3
4345,28.70123784888447,-23.79964334406354,6
3518,19.797286173706592,22.675311812967337,9
1283,2.476312548624784,15.021476818476483,1
1570,-20.19351419734124,-13.623575605198628,9
525,36.30235533057631,-1.9668319600012334,4
3110,33.36266758423898,-29.771392459740557,6
4593,32.973885826757865,17.446438387627047,4
519,-9.534631349413438,-13.779862801239936,5
1334,18.6590239297174,33.401248599925985,7
2517,25.149677552790802,-30.72963352482642,6
4047,-10.55062483108443,2.723773013446772,8
4926,-15.815251227803367,15.33775196420463,8
5570,-1.3058994643392312,14.2968149828902,1
1640,18.889784893103155,2.2850551394039216,9
5553,-22.05287973169766,7.865156113870877,3
1909,-28.04701569245422,34.25452081861439,2
1837,-2.3421060640910745,-50.75151254252512,0
2209,-8.859324315776345,7.968329514297958,8
4097,-11.405847823695336,12.903705661774039,8
1927,2.41990830308983,14.137153310746573,1
4458,-23.117047606966615,-14.83920814952086,9
2672,-4.187662658897265,-46.86844503569526,0
2383,22.18325122301264,-19.10818249858558,5
4309,30.409125053929934,5.03606743259462,4
5446,33.73190552723431,-22.447022101991468,6
3424,11.94006441732817,27.350614660032203,7
5266,-15.716016253784419,4.528059564832011,8
4368,-23.759488173112402,-18.224306955151743,9
1146,30.929125814406206,-26.610993119588063,6
968,-34.84995605654325,-3.84018269608186,3
5365,-2.2053882514380603,4.642930247761391,8
2598,-2.3696819473185813,-47.05443416417123,0
4327,18.742728722118283,23.53143551193239,7
4139,-33.20170451866999,-3.0327764143005305,3
4841,-16.393511109337414,-15.668420960404658,5
1541,34.13450731821679,2.5423155444912213,4
138,30.165674655280895,-20.914945265716636,6
1942,28.205531560469147,7.972268960750494,4
3308,-5.063263853707793,-13.615730529680379,5
3827,34.89115482298228,3.149325858468056,4
1213,35.32884686934512,0.3000558854587325,4
1517,35.463131214448104,5.4380642387418625,4
769,-4.013125160072645,-13.818908034766801,5
4893,27.565825660856294,10.642671074278832,4
60,17.423867219792477,32.29511376557405,7
5119,-25.23505270018849,-16.41275549574506,9
2456,-26.638250188695757,-0.47497281379775563,3
492,23.02375824366482,29.962184330825544,7
2508,-26.90172998236412,31.38126363038449,2
4978,-25.673146884652635,-19.714985038270672,9
970,-29.18154006091867,33.78912550183501,2
1990,18.580933419565806,37.84922171883638,7
1148,37.62497074218079,8.53651906899173,4
3681,18.161877388453394,2.7659311732306833,9
2191,-3.083406148817814,-53.171688915439375,0
4029,-14.669136582909756,16.343123141717772,8
1736,2.746594456564935,17.34759123999814,1
897,3.083899827263551,-8.698250788521444,5
4873,4.156540336639766,16.08830864033159,1
4553,-19.77350493804502,31.17617415948386,2
2007,-25.205631696702568,0.3128970428815378,3
3467,-4.562882917334576,-46.8952343752028,0
5029,-6.993303268439592,-44.27548847276619,0
3604,6.556501414867343,-9.635373146498646,5
5136,35.35834066059933,-24.355253735663972,6
3196,-34.24147431028719,-4.7277780352145635,3
2090,23.74407462685837,32.34803554925581,7
872,-4.760636750724511,-42.081362597051296,0
3647,-15.773562606930676,-13.183435165372885,9
1758,-6.509921203497823,-47.51285850949109,0
3078,25.439605172957144,-27.717625340823226,6
3260,-10.570226609897986,-14.22278539829666,5
4559,1.7332466144014738,11.167791583499065,1
4836,16.54711721796413,29.77316182948472,7
883,-4.780482540946764,-42.73463562583629,0
3789,33.86122551206209,6.056284398287803,4
5023,16.276727258108586,39.26800501857049,7
5009,-21.403130839658925,-19.02685724631783,9
134,33.27019604211931,7.501032083476092,4
321,-18.22688548011278,-6.177041975728399,1
3427,-28.98723828751979,36.74257903446885,1
4409,-30.60019440658273,40.22544946783742,1
584,-30.2571363619385,-3.521536572865905,3
3368,21.548481957650587,36.784998609125935,7
334,26.242834235256996,-21.72739580403787,6
2220,-13.015269760959338,8.231248481098197,8
2726,-33.87947840523636,-7.0989906708289086,3
222,38.018611995120516,0.2110726868254015,4
5303,29.66209713383512,-29.626002027140295,6
2322,-23.745806255829393,-17.675745362199628,9
5237,-9.806679819193654,16.590495796786083,8
599,-31.192764199575738,39.229419999569664,1
4384,-21.078936835574993,-0.3010521012360577,3
3166,23.425466616641394,35.85049026409875,7
4701,-0.04535335508207849,-7.934157315542904,5
4791,32.41009430398427,-29.735026200284647,6
2490,-27.474937476474583,-7.558506184815108,3
281,-11.001091688670124,6.795529867780018,8
2173,-4.368118793566197,-18.687738791367234,5
593,-22.497259447076186,-12.066087310217673,9
1726,27.649774374119232,-19.80159410301032,6
1896,-8.428334592822795,-11.22603253494758,5
538,-26.731647710040573,30.29116376907132,2
249,3.116564525428762,-12.442012413808236,5
1623,11.747146368919788,29.587143708018267,7
1354,17.055854657241625,30.845880211096297,7
2785,6.331176815302508,15.572648400472229,1
3813,38.417963620149706,6.5866717975281235,4
1207,-27.49973526053274,-12.523134811671213,5
1171,18.138915379673502,30.45451181366772,7
2455,-1.044562523455355,15.418744574488711,1
513,18.49158388446897,31.441341873075764,7
2836,13.39026568512811,34.012034752416774,7
349,1.5217931377416913,-6.161687665357268,5
4312,-25.46492512754713,-4.127851850220844,3
3443,-30.593680634238147,26.6576863172865,2
2594,34.592862100834225,8.843559122470978,4
1921,-2.3337760083556494,-11.451394705033096,5
1618,-30.192821262152243,-1.2875562204516442,3
2905,29.17185184193035,7.170146681724561,4
1481,2.3900860982837075,-11.810649485078098,5
4761,-9.685277156600838,-13.388206181694194,5
2267,-2.5692069115267664,-12.7170588978238,5
3766,-27.733449846591306,-0.5001723386154707,3
4119,-6.454877045792649,7.547962479223198,8
779,-27.139096114790863,28.72245051196905,2
4925,-31.846457018323957,28.67059934702823,2
177,-25.120595964394376,-10.124966133144223,9
4999,-28.29238912873634,-14.172559706632438,9
5216,34.816156673166944,-27.385348368414224,6
878,-3.0013489413374503,-6.6640547403140005,5
437,36.62815103205489,9.473669452722277,4
4542,18.288414282391148,6.698972001521459,9
1759,-3.538971198866698,-41.24061836551075,0
2848,-33.38915121933356,26.67107407809066,2
3567,20.591242675637275,20.537904827623795,9
4221,-31.636964420158964,29.836585966773264,2
4648,-1.8874511984569,-42.01800013897349,0
4205,-1.628229884270403,-51.71310671840947,0
3076,-25.000519246116596,-14.92075597607924,9
3513,31.590035313666423,-22.02584976079819,6
1260,-21.967839063187355,-18.65492717416544,9
2440,30.35689751145593,8.046615001007522,4
1252,-20.379609271226983,21.518915518140084,2
2442,-28.76365154560882,32.62278527139187,2
4304,34.93800485744307,-26.302122672151487,6
4462,-11.91818584157787,3.7010911313568577,8
3702,-0.42038377523478293,-43.174125364378526,0
264,30.54663726527509,-29.304417533083093,6
5404,23.71922131737122,13.01114755079376,8
3268,-26.303422728147734,28.31526338001647,2
5219,-1.3597659406851332,-9.849553004808515,5
1788,-28.561958081205336,1.1809976197059895,3
3926,-26.237572199386648,6.793121418113035,3
1797,12.448311524602614,39.17076293346534,7
3716,26.536201197449287,-20.305559611997364,6
1291,-5.354060803727093,7.862056765816337,8
3538,-0.4799337935543871,-45.77932905446758,0
4898,-4.6022653158418185,-12.215946503006538,5
1293,-32.72303000371952,23.40843091338927,2
4470,1.851697952434477,17.04140706120966,1
3187,12.646049035405099,36.50666256221821,7
2165,-7.269451201505637,-53.19465819989738,0
5425,-25.43361362996014,6.411134387089915,3
4574,20.35120885711869,5.852368450735591,9
5316,-4.851215665603516,-52.58663125135671,0
1457,12.769080143314154,37.67331861581112,7
1348,14.691462618676402,37.30339933689882,7
3483,-4.877144935982395,-44.54763505648974,0
2545,-23.928678228876418,33.12092229886766,2
4567,-25.395770830176623,-0.5419728857238043,3
1738,-1.417415341739671,-46.75940419721284,0
1310,29.934843013879888,-25.57666358251803,6
4203,33.010080189976414,8.709184289715614,4
2901,30.152078322737953,-30.909075011776274,6
1011,-9.69084907746165,7.461897599474335,8
3628,-27.31577881572844,29.496495742599908,2
3549,31.744045213593235,15.945709068175212,4
4231,-28.89959419504355,32.15195765673379,2
5395,17.013069715142645,0.8257798924913202,9
5208,-31.89847517336678,-5.637013971628849,3
2394,-25.329723494356507,-1.1232062935210172,3
2308,-7.417651388207838,-43.081639790760754,0
3181,27.723689616523316,-23.127513616059407,6
3624,-28.368577346007623,25.91689892488085,2
1435,18.843203764311298,3.0393916279211117,9
1046,-27.50834684743217,-13.482923902599985,9
3375,10.438652351862546,10.301912713134412,1
3743,1.6661843009561061,13.198974656875958,1
4995,-5.37380925907498,-17.072816052043954,5
3821,27.208848826396935,-31.260602486673484,6
4727,-18.94939735987487,-11.801382153410724,9
412,11.131173528134143,11.907142773494805,1
3503,-10.71551889761058,-13.211678053832637,5
2427,-2.425428518296945,-18.052595455748595,5
4673,0.9351329084848058,-9.420778705030234,5
3200,34.2627252485825,3.93791180048694,4
1532,-8.854221769297423,-14.560056689823947,5
1689,32.59574859768661,4.340051100337112,0
4303,18.648958159269515,20.18837994403219,7
2819,-33.1249164911609,-5.2892221347226815,3
4286,-25.931451029439415,31.20216852958491,2
3286,-1.2711552845062184,-55.45565463203256,0
717,29.3444319169823,-22.56203119580207,6
340,-7.501497765020794,18.42908992395366,8
258,17.58726026599543,5.648598434621782,9
2340,-4.163781965547402,-54.345153586152726,0
2084,14.858080557460227,1.1562338351785437,9
5617,-2.552482416641953,13.485391546592103,8
1174,0.14264336344471742,13.875027301299241,1
5465,0.3367221132544157,-45.97671818625225,0
1460,26.154373762777595,-23.054114855505915,6
1550,31.92253595645832,-27.217251887675367,6
3668,-0.195604418425169,16.534932879147707,1
4769,29.73029187278151,11.3866790775747,4
948,26.414555047978226,-29.092354716618953,6
1904,-12.031732612337693,14.085730112880958,8
5262,35.337352798287085,11.251566501093018,4
5289,-26.499416349569724,32.60273554587983,2
4912,-30.54791409657209,-5.363178505058664,3
3899,-6.490739905134746,14.89918362577579,8
648,-29.822647411479018,38.13862903921436,1
2533,-5.453682045642632,-47.43170081631798,0
1047,31.866934257516643,-25.52056275288952,6
64,-27.33714329666279,27.247007818208164,2
550,15.408470689489194,9.201157532682691,1
378,-26.32164065645006,4.095444328392858,3
494,-21.071676402268587,-19.09169450484619,9
468,-29.624308904677196,-3.5257511340342993,3
2796,0.6868281318372892,21.75191453058423,1
619,-3.6879987835811283,-47.8252385814486,0
2258,-2.585333674052624,-44.58323894487027,0
3512,-21.70370490741629,-13.437387282149592,9
4035,25.02847606806638,-28.378384713868996,6
4099,-2.7532284567449503,-48.16291476065032,0
1525,16.780566591436262,10.238972079630262,1
5580,-0.26162184777876596,17.485023098663092,1
3635,-11.044565457579631,-12.784444801287435,5
5088,17.19786371112732,39.61697505205656,7
2401,-21.321342302888755,4.211635409210265,3
262,-26.761899998176453,-0.884394262233372,3
1967,-6.077997089345816,4.401162158661967,8
4714,25.91265189063859,32.27105708157499,2
2774,0.09273793974573445,-9.690269495529447,5
2844,-27.991994987630644,-2.857917030026173,3
916,-10.043314473530042,14.935113260543604,8
3083,26.340050117324893,-25.97118941390019,6
369,-4.260085219246488,14.58438134280713,8
1557,-29.492390266450247,-0.03183727441462518,3
3577,-9.622305914505441,13.393566123279996,8
3997,19.16331205891176,30.20583073413902,7
4232,-29.684355014158434,-8.541994769368639,3
2448,27.571757227118486,-25.607293057473925,6
3497,-7.265120047958358,-49.96332072969569,0
1619,-23.88986623704191,34.2577913358953,2
4174,32.362257348062464,-26.501956833510405,6
2690,-27.53557340997773,-4.113492568174623,3
2850,-0.5484627537631911,-51.03800066331343,0
1621,-7.328679482050456,-12.604671677867561,5
5430,32.457926053059026,14.782558930487804,4
1383,-2.0931145887066873,17.183280380588794,8
3883,-34.64842603489389,-0.018719890915172576,3
3338,-11.750342865673463,1.2628601960717776,8
5075,33.84800226396824,-24.655912348714626,6
4639,-2.919863351477768,3.325304856907688,8
2130,24.001877418043378,-30.198892107310087,6
3722,1.3318017644726625,19.43192769142764,1
4046,31.082038061104484,-21.347782961075055,6
5486,-3.4745249422343893,-45.62517740086973,0
1893,16.887216544354175,13.038920534045753,1
641,-27.195356322218675,-14.315714461673812,9
4956,31.699555794405022,-28.89842927029867,6
1221,35.012236719005244,6.764489646821681,4
4871,-24.457040807396076,-19.323080465904486,9
3546,-27.52476398936382,4.501317480507884,3
4996,25.342829531408512,-24.35381848369356,6
313,0.8599985509833081,-15.268867206591793,5
1694,27.244688589349945,-20.32606577550295,6
3230,-28.767273089043933,24.394270385244475,2
5310,-5.629876677903449,-51.96034444041422,0
4891,-13.552648312709978,-15.723353034188147,9
5549,-21.681431009515904,7.220560358548136,3
4464,-19.328483138880472,-16.40305097119367,9
211,24.64969102892239,-29.755136610626856,6
2470,28.90682606649996,11.086186340930388,4
608,-29.513013595965315,29.05860081772473,2
4983,-29.93349896659083,-4.56597017356875,3
261,37.02323529425235,0.44177986457481977,4
1642,-24.825392395119348,33.23550699804557,2
1826,28.519755453143514,-33.64520517149534,6
4845,27.74384076611976,11.954503980635314,4
5020,-11.083608854158541,16.914887651526286,8
3531,34.255273169129204,7.732706634779841,4
3374,25.728055127483547,-23.422400978406404,6
1956,22.185382955061304,6.978791182264235,9
2615,-21.26593483079028,25.006868379712078,2
4876,29.99573762025876,10.980294229677368,4
3592,-19.104336113165783,29.976086080738696,2
3842,-27.967803128885034,-11.202158013214722,9
5456,19.78910378880819,21.315425264297065,9
2385,28.900373275557364,7.896517068007518,4
743,-6.683285804965465,-43.029472202522086,0
2847,1.5812774387626438,18.44318389484294,1
3006,26.555121153957845,-28.277211187230687,6
4147,36.55869450496773,11.570003778316597,4
3499,-29.690498279417948,-2.694098065574874,3
230,-29.151093457432143,1.6650643546747952,3
3457,-27.524824641889293,32.51897036658067,2
1048,-14.01790824304926,7.2556307248273075,8
4193,-10.029550273700513,8.710747027969015,8
4595,-2.3689968519640248,-45.89720800181444,0
4022,-23.6718673736887,-10.47833281769244,9
1027,27.610306698104004,10.245988952656086,4
4493,30.831729985654956,2.6875442216016667,4
2260,21.123325248098055,31.93778230382995,7
5519,-25.885217952478033,-13.123405314291878,9
1282,16.139153850589217,9.110216347600819,1
4213,32.96475161035632,1.1387121592600822,4
2464,31.203390236852485,-24.644846331285873,6
2750,19.63598076302892,21.65146516003453,9
2293,-9.26743330682392,14.67200905067362,8
3349,9.601643369486665,11.588161301846624,1
2966,-20.921293260117913,-10.16343921046016,9
5601,36.84590539268518,2.106391137156233,4
3097,20.129455241289165,-30.287612573539743,2
4089,-3.756413835171512,-49.08093034367226,0
3298,19.38578227125679,29.033153204531338,7
5035,-7.942495284664805,-44.38685299737979,0
2102,-27.088050891592896,10.550535473463936,9
1326,-22.55552529150901,26.927913517409067,2
1057,30.916945581285024,9.298242968187754,4
3137,-20.279904806804385,-16.844745368735442,9
3925,-1.3584388631541524,-13.515367276567114,5
3528,5.853887613228367,-9.696375752573998,5
3693,-11.83669988821098,13.449743468841389,8
5607,-8.542125622390198,-15.675641913006267,5
5165,-6.460867904080868,-45.82910648100151,0
1729,5.209564736085183,11.584576721988116,6
3409,2.0751127990954195,20.856922529968706,1
1155,-7.748719022436407,8.3240182317037,8
5449,5.977793946242418,16.87036108214094,1
4683,-20.741269745307118,22.320796783804365,2
3902,-3.6897648974906097,-50.92141705670455,0
2406,17.1799832199768,8.380002641094581,1
4745,15.727843311195947,28.738210733164795,7
2201,-4.529605227328899,-50.23026481435202,0
5448,-22.365355409627977,32.01647575273061,2
3697,33.16856354114694,-25.910782771728748,6
2217,-32.030409574664176,-0.11403675506103755,3
1867,4.350866699241413,14.978334550581065,1
4822,-32.61967547210579,0.4588945522309282,3
2820,28.934875538359968,-27.33742518559128,6
5345,14.24351844752356,5.0894702271339085,1
2710,-9.981270201581202,-16.758688957890243,5
3435,-30.656861407400157,26.177908152417746,2
5563,-23.213498064395164,-12.311068363375467,9
3841,-10.13240210139222,17.504850547806342,8
2924,-10.01546846542955,-12.539077378913658,5
1392,20.323731216355625,37.43039185661665,7
1500,28.640996895734077,-28.143868247530463,6
391,-21.464053217860595,-13.296077406474955,9
3491,-5.6078649174183965,15.718889536942063,8
3359,-21.90818495097036,27.360385338224496,2
4400,22.245871751525552,31.189820090018443,7
4552,-33.48347505803113,-4.255964935774466,3
505,-5.241823668514776,-54.31985507433049,0
1735,32.6221832167815,15.133319794634767,4
4023,16.815978934997823,9.93194520021914,1
5210,34.012881370812636,8.460201922563714,4
274,15.065463846174875,2.6578887498970705,9
1945,-14.746056770464307,5.701015040001145,8
4621,-20.576755790105327,31.338281085937453,2
4913,-31.319881173425017,-4.275315243751384,3
1387,-0.3286062563466216,-52.92885316192106,0
5509,-22.742737636478118,-13.732211967564846,9
2462,-8.109955997731713,-14.253540520628906,5
5409,17.638554610330637,37.84046431411318,7
5148,-5.1412298844985385,11.977115658465609,8
1938,-31.387203957887507,-1.330192097613716,3
2969,-12.433496600986023,-15.401284876951545,9
3779,17.500494712266473,3.038337012596758,9
5217,5.339327759171549,14.992788100606308,1
4356,18.323434029694745,35.560413895862816,7
5522,-2.5557997570687796,-13.742810871004139,5
1528,-8.096150325103078,5.419543675336648,8
3067,-27.072217423654056,10.534268925335498,9
944,-12.162992154183176,8.04289034095905,8
4618,-18.171904024305807,-13.79055312561997,9
1697,-21.204999010986647,-9.943572070701013,9
3365,-21.7425384397937,26.306354162469095,2
612,-30.235025077192432,38.10730053922702,1
1622,3.86498862366866,12.500670171042408,1
3058,-0.525487078275794,-47.28645699664585,0
5230,-4.650643269321019,-9.82763361783733,5
1211,34.88592653008504,0.6310006828691647,4
2261,32.06694380433243,10.649755189595433,4
4276,34.11651249976312,-26.302181010076744,6
898,0.14504701981350168,-15.076036160086584,5
1050,-29.05050740028342,-0.30593647063604285,3
4175,-8.57286136692033,10.62249849806113,8
1061,-2.9102842031097027,-14.150157668020034,5
529,31.420435234488245,-30.763265703579947,6
1711,8.98762189508485,-5.947060565580919,6
5198,35.24655772202801,-24.109898768825833,6
4846,30.495347303648312,12.14835316774286,4
1959,-26.556173530132703,28.803295880660542,2
367,-21.136552863852856,-7.3849091941974345,9
280,-7.906792857388178,12.754168171341615,8
4437,-21.551457996711218,0.1763040228841948,3
2606,-21.443407950511645,27.726767773798368,2
5298,-29.16165504243999,-6.109757678734198,3
5018,-11.577635717494992,15.894991935682523,8
24,-30.592212524363905,39.554810294686305,1
1575,-7.213522643899432,4.6633964884023555,8
5619,-9.026055805404052,4.452552883345752,8
359,28.285695520392323,-24.510755920919017,6
3572,-30.340503759205316,4.037112782342466,3
1402,6.496709477377563,-9.294325060347282,5
560,-11.289019243346445,-11.720672447925054,5
423,0.31292760391377256,-51.78466835063111,0
4250,30.528523865299476,6.290807672406239,4
2483,1.2182116791001563,14.857339515406801,1
811,30.98480760836241,-27.838817489986532,6
207,36.10466682205385,1.983578695282214,4
2307,8.016874012301908,14.958721936805427,1
1660,10.888929157946642,37.96051372362263,4
3955,-21.24687240569707,32.2327760116599,2
493,27.32253830791113,-31.828217457993457,6
2469,22.2771770286926,33.06585631227847,7
3535,20.49872860438308,34.17290566203733,7
2681,36.64957450057557,8.693644171997107,4
909,29.463476894497404,-27.910264795142965,6
2223,-3.5453394732047245,-52.629411950655715,0
4584,-18.663095599761068,25.669944596172996,2
2993,36.62000010360126,1.0711866580532088,4
2748,-0.89378255597897,17.34462120710284,1
2285,-25.767421434312023,30.16258602422632,2
4181,-9.559840316955762,-14.695446889071238,5
1744,2.380694210337565,-10.740219375811849,5
1905,-7.558106279830399,-48.710875711227224,0
3192,22.243933360540304,36.182888112820855,7
3935,17.09883090724612,33.22024894202004,7
3709,10.13129880759305,9.207986988894566,1
753,16.614210901467736,40.07834873604954,7
2733,-29.384739922447437,27.6729561162714,2
5438,3.182747711373416,-46.900543308677904,0
834,-0.7586910653572944,-54.32082240589103,0
3116,27.959448435337045,11.375383763751989,4
3594,-7.736377057944687,18.297926274856987,8
1370,20.718937993078466,34.61265481373569,7
5167,-32.197957735888586,22.83548682225162,2
854,-26.528688874195392,1.5011578527090959,3
3728,25.909521938762712,29.225857616104967,7
4778,-15.33916235677921,5.929393844533338,8
3484,13.63089859496356,37.44054045494837,7
4353,34.17288623969516,16.206468903543996,4
1379,2.0250064978837536,-7.004636456231383,5
5141,-21.32055987903442,-15.774570312347869,9
930,25.08686083610698,-20.559213862144247,6
1415,19.690091476553565,38.83402039586563,7
408,-22.102150060270493,33.890889839281144,2
5606,-26.63174092636719,33.90262473712011,2
4271,-26.178892782291747,-6.496536276318516,3
2705,-25.544986975670152,27.95103853924364,2
5151,37.72492431266652,4.0681605846390125,4
978,-22.12500319175194,8.344379256286047,3
5328,14.7981755392401,7.80678889667266,1
5544,-22.85527571382037,33.552243989313936,2
3924,2.1715696188522298,-48.81746837042175,0
145,21.702822334611017,35.31791574843804,7
3936,-20.4279801218505,26.9556587961819,2
2091,24.296529523017874,32.64742596960055,7
2758,-27.22791194196189,10.712431374472377,9
8,-5.45679691636197,-41.48868905519737,0
5057,-21.424628596557987,22.95719876829352,2
3861,-8.897134252846817,17.650378762935986,8
3732,26.00753446344336,-27.489231745176014,6
489,-5.145787372372484,-53.885851080028566,0
5521,-21.736232914622324,-11.452521567145903,9
2471,-27.616741398707482,31.890349323323314,2
5065,9.03791070882814,15.732814953611706,1
2232,33.93124620655661,-23.79543927396256,6
730,-22.714148824550577,-15.825046861857388,9
4233,30.656261591923123,4.558431157240288,4
1845,25.804417245004874,-31.885656230090397,6
1587,-24.134033581701775,32.023342237640016,2
214,17.531381658856667,5.032130863561941,9
21,-13.235569046762093,-19.64938132808888,8
3760,12.383695769480498,34.29029897891618,7
3992,-26.423881356134565,-12.865409748170547,9
2921,32.762626979833485,-26.959933354991485,6
5414,3.3971637454197836,-46.72754025543127,0
4952,-0.768401626848971,-13.501579059970888,5
1478,4.051162317322786,11.609848797046206,1
139,-1.2595993187498222,14.232837938814248,1
3634,-25.76306400503143,33.06885191263089,2
4838,-14.51660784525968,6.774127248642769,8
50,-28.282846089485766,29.30663686401187,2
1827,15.556941462704058,1.114000857251393,9
1130,-18.049386317467576,-5.655944044748467,1
3007,-33.05310151372804,-2.4299326459462387,3
2117,-19.883827476959173,25.418441638646176,2
2882,-8.211240192473019,-12.595866641252378,5
3043,-20.811286821935504,23.217864566263717,2
2717,0.9964564629193274,14.203108653667922,1
4870,-13.872735008526154,16.237858937664928,8
