original_index,TSNE_1,TSNE_2
2691,2.6729965702544614,9.16762986812196
124,28.943061842112016,-47.45707029048297
160,-11.731698450998296,-38.11896607283109
4124,-5.500139469285272,34.198191515003316
2731,-38.37731957116731,-10.065531005707516
1103,44.58004559933248,-6.923335328669277
752,1.6820965106099814,39.41316828936048
3504,-30.507400760682284,16.440731090744464
140,28.47287115415083,27.629118076764307
884,31.362894685098176,22.551210052723782
3844,-7.926500281361596,-17.831326806591083
1391,21.36959612486779,23.089553917021117
2113,-6.106764451125313,32.67457271270836
1313,-24.126118298178298,3.3901156644000885
4433,-40.530267752145974,-21.65773944732374
5199,2.6443032020000214,31.519117238010892
1662,-25.29905978339645,18.523848391152043
1563,29.542791056304573,25.666419628906624
3425,27.973743619311566,-45.61810356544041
4729,40.579677998662824,28.906340030190815
4662,4.306369130299021,33.851511994950606
860,30.559251144114487,-52.19619142506346
736,26.11377965044536,39.316808539805976
2014,31.430868049210726,36.51196973056349
3384,31.74938001282157,-45.14854481150443
4451,-43.70135841356423,-25.958190987309617
3996,-41.33062715169023,-14.253287730878753
841,37.34146925805601,-44.46651008131379
354,-16.732811001034257,36.13653610321083
1885,-40.560834320043185,-22.637557774026373
3213,24.44856619565772,-46.02209913916317
4435,7.378070115135284,14.366361706727826
2077,-13.209844946438771,-14.535942652218504
1652,-23.273796167748557,-32.944668291268826
3637,-0.7086019653571014,30.96973706246755
4267,40.32204818634746,-4.7147232426342205
905,-18.742988290974246,34.69002833662385
1017,-18.304274588157238,41.91306361909544
5378,22.817800390318954,-44.074296595519804
3266,-44.410840831984,-16.69854244824687
1705,-16.827212026643952,46.59335668232252
5244,45.16294342968372,-4.5538858554737045
2780,-20.248698724850136,-35.13469367545456
5290,-39.9677629818293,-9.371829772059282
3002,34.72690358196534,-8.751755015365818
2602,-23.347168076573702,-35.749331021884444
2698,-22.628876629891355,9.443531026847163
4254,-9.404477409157675,38.21326743730161
2967,-15.916167263110674,38.124567529549104
1306,-18.000155812348325,38.189295670489955
795,-4.184173120709994,-41.14961239583658
323,-8.627168068036234,-38.54047906995538
1707,-3.68955823890172,42.48471894204438
1718,33.82489672345914,-45.121079566573094
1616,-0.5693973266993094,4.766052393526944
4634,-21.93704092768141,8.373771887605646
879,-21.215350758911285,11.430383625411386
3661,-26.598022099678488,17.796089384899823
3397,-18.244423211330183,-37.02706734237716
3160,31.420263987120233,-42.700642119632185
3108,-30.907794817797544,19.336392511435328
360,-40.76915181345142,-8.584346987607352
1815,-11.261680640469413,-1.6684841915052744
5422,6.6954670078075855,-9.83721510022019
3990,-20.10716434308868,44.30738883414397
1369,-25.06471142104971,11.119660606317561
4596,4.0073926819688275,14.462910430245959
3164,-13.445329650172088,41.296039299757766
1032,2.2069893538217524,36.02124278609524
713,3.901796950837727,-15.45324477600784
615,-8.668185665285206,-23.286540573339927
4614,-23.263335776223354,3.7474938658125363
2046,30.7234232666886,26.016110142935535
3019,-4.42065277990908,7.696899516502734
906,-12.201282290005738,-37.147822491634756
2047,-23.04934627666335,13.224034574577137
1234,-21.14328505743697,39.04413109563866
2187,-8.400406895694152,-18.086558643527066
5161,24.838996183019777,39.16661121845819
4842,-34.443290173356445,-19.17559477781965
2801,-15.914420499228164,-39.38430969259545
1071,-14.92487742088696,37.87817409797037
552,-8.927527274345286,-16.51737993653827
1698,-7.8377613127017405,33.91277332721642
5059,25.25318549719622,-52.84144294551056
809,2.854431259051035,13.373828874173377
3253,33.31763940190228,-10.643849401504927
3894,-22.653900634274837,15.089261218670934
4940,-0.10035464592252324,-5.042144623836831
3922,6.664632228212051,-8.93365332624211
588,-17.21690362583389,46.836306433858994
4663,-13.531099943789023,-34.35489211804285
1414,-17.937109325379378,-30.75120387979177
4183,-28.04196849518971,29.415624396730433
2321,-22.000187346355098,38.80090571397203
150,8.384246647282172,-6.6674804822408165
2313,-18.423424177329498,43.57365587897331
5257,-19.925060645333833,33.17980766335433
1858,-11.835792618760314,-3.2241082804757313
4440,23.97288082441595,-53.25959497078812
2990,-1.4176312398444733,35.27993864051047
3088,-14.247621192595785,36.63763664126848
5408,3.6775705723455787,-11.341306498020138
2725,-18.078702994978613,-16.425149304967086
514,-29.728970993001433,20.72608197574438
3089,21.97480917100154,-43.74731995497277
3074,29.135948014911854,-48.60541946674679
4442,1.0944247456488272,43.31182679909265
3257,-46.055098524872605,-18.568736526588026
3876,3.676295332512627,6.050028098498762
3433,-30.9238924309595,-10.08052889275272
3396,1.2663364279561795,4.515491092572327
1447,-1.1268392409543668,3.496715368881254
99,32.5436295646319,33.630268831618885
1067,30.299544933758664,-42.06544359228269
4242,-25.63920746830892,16.00760423332755
3233,33.91702453172922,-47.07723674185117
2651,37.69969440522635,-41.916586686228136
29,-6.588310024782449,15.378820206320988
4280,-21.28357449017515,20.673334484099637
1446,-30.637717533938105,-9.64539939797194
5123,-4.15530839156845,35.77927878677142
2163,-24.615078213157535,31.380877030511115
3772,-9.914867469601601,-18.88796435621109
3704,-29.044051076877878,15.797052769377892
5458,-46.3034048480745,-24.19592313108249
3489,-5.557418397033633,37.814043293146284
2751,2.520959440631585,-7.395380350788606
1857,-13.039505133964036,-39.45283341219851
2361,0.5218197672590367,29.20778232714319
2605,-25.140561990789358,-13.765108632842159
71,1.671825787074613,33.36407654138132
3496,-9.46262505147554,-16.43698963210674
3303,27.061676815232143,-46.95987234986642
1335,3.282702745671203,-15.232658197454342
4173,-39.814970165066306,-24.490070642297347
3252,-22.07870325185032,-32.16420321281297
4367,5.585286686043351,13.918321756215017
5024,-43.372218471286594,-20.01127166892916
4735,-34.02107520160683,-18.816238108642732
3853,25.15175123481775,-50.376500959055065
2290,-22.246524473205074,-31.762381820784867
5551,-37.27073378137976,-25.056579108754732
154,7.998807653131167,7.637007886916138
4322,31.254360659866578,27.596674483779317
3884,-36.79318191406599,-20.802794763308455
4415,7.973629232412617,14.613195695836874
2035,-10.873799401192857,-37.77556088926182
4187,-39.13280424294073,-26.118879954746355
5032,-41.8323773171879,-20.346972751827924
3215,-7.624858063631238,34.84130011982902
1715,33.40921996650532,-45.0956639577766
4130,26.381200846317558,21.957922427918287
2211,-5.4881540325784455,-14.43845547547204
2530,-23.114200757631675,24.428325869077337
36,-26.47306169020096,-12.277702930796055
460,-41.23864959091314,-10.998528863502335
1871,-41.08867316765652,-13.041250396092934
3991,1.7838906874080511,7.869180207847794
2435,34.777054151450734,-8.136616425531594
1890,-17.808627460671136,44.858112973024056
486,-41.83740553534071,-9.850094175766275
521,32.977740256202324,-42.31233694758695
3694,-0.6857934874084068,19.917055067698627
39,-16.187401918628037,-17.49639036701011
4781,41.736820124435155,28.826313340436215
2350,29.071686778433982,-41.75605693057872
756,-46.916311949747204,-23.28198356796031
4239,26.739869641574284,-46.07617935774833
566,-1.6311725154270764,14.179448327718331
301,-2.6859698376279106,38.71622703865255
1508,-39.533880974571,-24.847618412446508
1042,23.454353940345616,-42.64079897998002
4212,-2.3763722734684687,34.94070118285241
866,-40.83799919723955,-17.255259220172636
3414,40.083705154288204,-7.851983373873392
4731,-5.883658320560361,41.624993075658104
3157,-2.4166049681444046,-38.19028858282772
3985,-23.305199863966255,8.125920767786253
4076,8.973090448007483,13.402302623426637
76,-41.95230144196376,-24.748786274363816
5499,-19.537353845547248,39.1106110531102
2713,-2.1402973845775866,14.496749990434479
4549,0.13749679133081497,-9.735078829098008
129,29.46417339244864,34.88030294627713
2899,42.12371101655955,26.946832866897534
2310,36.80223604816017,-7.777746603990807
3551,-43.215225763403154,-14.797856200585715
1096,27.74626855373774,-41.674084955943826
5536,-27.948243263936185,21.62685508462685
3472,38.64605843430869,-8.720879262099327
5374,35.90811236333576,1.3617858554663556
5297,-7.769617958955725,38.74338409080715
2083,18.537444513570883,25.636928489317633
348,-13.781251449512922,47.19233325063075
610,41.596376663592785,28.743998880071643
634,36.47047771293709,-1.2230161871489464
3314,-3.09419050965714,-8.911137148298131
3759,24.897669574970852,-42.73849702408554
2238,30.775403194759825,31.473095233731375
3571,-6.45656348708939,5.987965023165522
2763,4.8921905310389135,32.331575624314176
4806,-37.309119371856056,-18.970613907294947
3348,-21.319667023107318,-38.20628286167446
2944,27.62911224252979,22.26185124001306
2116,-19.87581116142716,7.561789377622249
4096,-41.46659441290163,-21.048454802574533
1118,3.200941541920077,-6.003775793436645
1684,-16.28406792634193,45.53591073317073
1672,44.64664994427422,-9.326595363647746
3202,23.60255269463045,-43.80122914342427
1781,22.199958795433606,22.305460484547442
1918,44.75943907108066,-10.177063324822178
5450,-41.073190320151866,-27.584303722973285
1399,-0.2428545108462699,39.869433777173555
2472,-41.92050145806772,-14.111570714093192
3453,-26.394892975110288,19.292861953555704
4296,-7.591423341775349,-35.0205870096301
1813,7.991761683435197,-6.438224524103063
3682,-2.086885231352714,-14.89666789034064
3284,2.0261573466735356,14.15195386557241
687,-3.5233095912101358,34.44971474521964
4121,6.58015195608271,-6.841311564388997
4718,-20.950665793751487,34.429664226195634
4957,5.650081640684054,-8.804093280959153
3849,36.978543791188905,-9.881048975314219
5287,33.72408333769341,-42.78170921507297
956,33.21326289992224,22.428521457845214
4979,7.312938642616533,6.19309580725754
3306,2.591960792833665,19.264857608437566
3009,6.123127440294144,10.45148564351214
5125,-29.142645642594253,19.751397941040242
765,27.501337898008668,28.226060911160417
1852,45.45407517664495,-10.489300646805741
983,25.86927021361765,32.60872659280065
1257,-5.095314521173726,-40.28890152781113
488,-21.546186374409867,25.232290052086533
2980,28.08908118226385,26.66592817843026
5400,37.59584418509621,-1.6702938423725262
2447,37.80118796611769,-2.4820673697804603
1831,-17.06124324828618,-12.786402074531049
766,34.111529778058504,-1.7319908711691023
5608,-41.276937731305495,-24.627753385206322
1848,-2.454894304205283,31.261464468814694
1958,-15.920691147144975,-16.812055398487434
2332,35.08405401436771,-50.287659404520376
4563,-36.57184254756405,-14.993966593608796
5351,28.53580735723118,29.60015526363807
5140,32.96403385131289,-39.553983231471946
4920,3.9274906089022252,-10.255675058840506
4512,-41.90154752104975,-8.67793627609427
3039,21.505199499480604,24.52571461738562
2317,-0.0639851758438256,-6.7165932324669155
2,-39.85859075794785,-21.276310203065236
2908,27.900150865673435,34.730488780716975
5474,-19.11465090548226,-35.77045893590339
1373,-25.583135602085317,12.607039815783006
1602,6.145291670856048,-3.4267725294099654
4703,35.186045668496114,-2.7213118700717827
5283,0.26337148712674474,38.684134806799634
1485,35.29393218620663,-43.28258263115816
3675,3.9688061424519914,16.972701145083956
1459,45.012306028766865,-3.4859397295424404
351,-39.904011117821824,-8.604664400702571
1961,32.12088081905139,34.32644047512959
4069,-25.03785681023899,6.678139545380596
4746,1.0022047505595173,18.324347992546926
2515,2.578304195271355,7.958404989692894
556,-21.598652281227615,32.17832647966653
317,-21.60679317324031,-36.43835973993213
5153,-37.77065200307086,-16.757484414259427
4504,-25.95446763477919,6.888416081994672
485,-41.27282345566151,-15.459957539255566
3339,-43.92309400690232,-17.541391558695462
4255,-20.854504871090043,17.395215961970646
2759,-24.01048517552171,7.494727347012374
2167,-41.346762417839344,-9.095194703335773
3680,-33.443041415388066,-11.014979880520253
343,-5.602906930475936,-38.977768728408755
2712,-23.153792085503856,16.51020349196206
2877,-5.667672305825221,-21.552662112189196
3890,42.87969523492003,-11.029754415508739
4473,-12.79691145790195,-31.19431316502567
1559,-0.2576170507181614,34.16135764280991
1634,-25.135327036446995,14.877570717370684
2757,-14.346066377114091,-39.082580598266524
111,40.43662127227509,-1.9751617809371935
4620,1.1525697904031889,-9.525493952207109
4281,28.34841723257765,-46.79016712915493
4445,36.41661052117764,-6.1220003822115485
4404,33.80461847686862,-7.057642551632088
5418,-45.889690551850826,-25.50064555066855
3191,-14.030998200203454,43.6483127314821
5127,-38.199278596653414,-16.57541695307949
2203,-43.1687958893022,-17.480246494713946
1757,-21.187280301163714,-36.322537230876904
3151,27.090454453384574,31.08032796972827
940,-0.7996942616759368,7.865397860222744
5163,0.3017234977067363,3.656666514949999
215,-12.61846212493959,-36.46152707285372
415,48.198635798049516,-7.759405674010212
5339,34.803048673783294,-41.867325472280264
4901,38.8425867920069,-43.20117234003123
2234,-13.871861781744974,43.84365217308949
4656,33.43334626609577,26.615459583269033
1139,26.98978621405285,35.99191942641258
5495,-28.075184902629225,21.670832933493973
515,47.014096546307535,-6.717985029344563
5160,24.788177131370603,38.75932003670268
4872,36.77409397719548,-42.62944036596622
100,-10.642433666708738,-39.62696390818424
3034,32.54816205428279,-41.35193321021748
1233,2.421561725791375,10.592554920170462
3660,-39.398964131326196,-11.144758430604403
1511,32.25020042775725,35.016115417646155
3124,-25.606430009291337,36.047380336837044
3154,-2.6643299216384784,-38.38484779458866
1305,-24.94186361203881,4.7587155015385125
2244,1.248750466910937,8.972009534525581
2052,-8.15719409051824,-16.35365478029187
3837,-15.598525262023397,-36.30982804192509
960,33.53846151393954,32.89403892560378
1547,-8.558163346727605,-41.099310866514955
4485,42.75757650894347,-8.477068910528272
3964,-9.432637590497272,-20.26982765222999
3295,-39.73188811546223,-16.292786368802442
4342,0.8655738954877819,44.56322105461076
2150,-6.734292324502179,39.65806768575664
2926,-23.29388325313668,20.974276278742593
688,-24.027203348809714,13.793135168755704
4522,-0.8607702261931813,5.4863901581128935
3799,-11.888987914111464,40.07200676231111
2200,42.78715179166529,-2.020310964144447
3516,20.18898625746565,26.585081828371212
534,-0.20850669911405847,39.00856479514499
1595,-1.2921656622970066,-6.782752100950442
4111,-23.300426813443487,18.69259033731668
5112,24.847098516633242,36.37578504093487
4209,30.28294095190842,-40.677859782601296
1196,-8.93061493624778,33.259126124240154
1410,-4.773157904320574,6.167236346084252
2363,47.16070584318857,-5.050870351055559
3247,-23.112536659172225,40.03777898542502
438,-15.679148868820116,-34.9056780903137
1796,-4.1055023195586005,21.090650974631256
2380,7.5816941170908425,29.789359804656275
2449,-42.53481758002478,-16.661905461355623
1892,42.98875291034959,-12.188378561987095
5122,28.824574611998585,38.576622003975025
672,-25.186978234024124,9.958608046699108
4075,24.212692306752803,-43.805652142662304
2032,40.56402823177524,-12.063327263879385
250,-1.8510007827609647,-14.824779045427805
5036,4.383736081323834,-11.230702049636166
1749,29.330892074460255,24.125978111100824
5578,35.995127141589656,-9.748486939134661
5013,-21.288962752259014,11.308245762066814
2732,-34.48082388047752,-11.310538044477028
5572,37.99620673401796,-9.480008899805743
2810,27.413343325619827,-49.433140897117816
446,-23.303119513288728,17.816771345498058
420,2.71190953779475,14.479430938377472
629,0.9315285940402491,10.344513269605708
3258,-3.057532280905204,7.116737937573511
1266,28.272896609916888,-49.59647511495784
2499,-7.260844830735022,39.79131013512211
1012,-21.56025126336767,-39.079167203528165
3013,46.417251353527206,-5.816573665026525
1151,29.836166339705038,-43.62179728178343
3584,38.98819260416408,-0.48150937491013185
4289,-5.18888699034617,-15.080380412745544
87,-26.053623276690427,-13.861560325941978
5363,-19.73737039785873,31.95402038406332
3481,-7.6359542007018195,-42.165696359758755
3803,32.399108497444395,-45.42090165685207
1031,25.950524556369285,24.974549902416484
2144,-0.8658452041956088,29.946113631745504
1138,0.23397230996446827,5.896908618751464
3808,1.0363514567375347,34.97552099504505
1605,25.81000406509827,-47.58949039108514
3490,3.133295352634411,3.160885287237546
1060,-28.35462230234677,13.436595286231341
1265,-24.98082833431702,17.205220365963747
1820,-8.71483910897816,31.080267655688612
2592,4.094945302728357,-14.127425081203919
3173,-2.785973457351527,4.386083974687686
1272,5.874976887392016,-5.309222562885713
3031,27.653891141443964,24.088012936593767
5258,36.524765032892056,-45.93223309246326
1095,-15.931693518088638,39.25237771735683
5419,-1.9848761983353684,6.075071349107026
4081,26.656561733390685,26.775628292950994
2105,-23.62083750999165,4.0858068941895604
2702,27.86500233232223,37.36947209917522
3485,-18.954425353351056,33.50840698955373
3334,-17.45813737207387,24.53168598699062
5083,3.952808815961642,32.321983982497834
1271,1.4913604223140673,2.8769735313654645
3888,38.492147117085246,-4.04209883220534
2041,-5.077795083171877,-42.13630035007276
2141,30.414559695116335,30.46054846462014
3376,-20.47527253800999,44.67505391696368
276,-3.4578845295142453,16.038956507452635
4706,-0.3103912047704228,-8.973317624889098
2553,-10.25359645230614,-37.81877980602081
1655,-17.11523136751517,-13.48011959738823
3881,37.45618793360206,-8.754844556168498
3763,8.051422614419666,-9.690613283041449
2365,-30.137097787558943,15.886019792561404
1742,-40.26904917922381,-18.134722134550795
3658,-13.139432867831818,-40.861169890173386
2852,-20.48310792115715,18.559373101761537
1765,-16.294681225028043,-37.8893118431685
5616,26.988720451349653,-48.88421577826342
4788,-9.874523199658563,41.0831856824806
2818,-11.201025939036592,-3.4903539657826066
3627,44.72887009362945,-8.418160200907888
4256,-5.997563013409781,-15.215543864299423
1838,-39.76139605833888,-27.325903147828676
94,-8.772031860183695,-39.53323228721057
3446,1.3037516829338003,11.058688134856055
4011,40.43981212520848,-9.186479025899784
3896,-14.589486819532253,39.58352317907928
3614,-1.8820913783730449,32.56049110167788
3025,-12.453638173493236,-14.918791881807076
306,-22.336669958382,-35.400387738461916
5453,-2.6147007920297467,41.10784778042498
461,28.56952473485252,32.46636247660264
3650,-18.653930017657657,29.073080279833224
644,29.79412307597247,28.079999484601068
2125,4.330299616576097,12.508743451512235
3942,-16.316295310442264,44.16226773340366
2110,0.7475442037495356,1.214165640509281
2153,-41.237231573997406,-18.40446737433841
1533,-17.234957715873122,31.791165033392677
3287,2.8045038043372585,12.631053718207948
3319,-5.560770824895161,30.418548673473172
4208,1.1167953555514876,37.73960877018605
5052,26.74232291732903,-53.13242445375647
413,-37.08063566038114,-20.142181489819368
797,-25.125262421767914,23.397830732800806
4362,2.9094543375573694,41.93953156336034
3874,17.219555528042715,24.537551145136725
3322,26.87259203847924,-43.77147284377462
1675,-27.74515318226959,17.908157627044176
2752,-37.990021000090785,-12.013540919631026
4202,-1.056529262822025,12.561939913429907
2434,-20.432401751604736,44.70278683031415
4924,-25.515236779881914,9.3865575505832
3904,-40.62938382556123,-18.996847437666762
1824,-23.233507541761224,12.006096415063512
4264,32.18205043614999,-43.40818790287386
4102,-3.0942365315522857,36.92973046534055
4214,-21.25248681272812,17.892826945981817
4569,-24.872388589326146,-31.640214439896955
2087,-11.339720026468768,-17.66264205954185
988,3.2784589866114384,33.81158847373481
1452,6.0143744775515655,1.9332821328468717
56,28.545692282231776,-42.499961848965526
3226,1.5464480375228666,-6.836741834770074
1879,-4.6303477379648434,37.57649263875986
1141,-16.479474122199502,32.792575702795226
4984,-15.48257782656419,-37.47866675024317
3509,-6.8425696809431455,-15.021509245640454
1966,-9.342161575015188,-38.67198537431346
924,-9.874420331524354,-20.404046240335777
1647,-20.996375664651584,-32.929433837018905
3638,-0.6969738874771448,19.79197078402919
3113,-15.574453540969646,-34.22790224725862
5196,-42.44482604228061,-26.075745660237402
842,-44.783315279051415,-16.96480114166961
1382,24.997879008141457,-44.74820411082186
5110,37.42181302626821,-43.37372880837511
2081,-1.7137745974863665,-6.822214806566153
4010,34.38063142516284,26.39383216466671
5249,-10.722476147336819,-15.76112777568748
388,6.170191308744437,-7.576889834098611
2856,0.71545874095815,35.333595586141996
5117,-45.5559809815636,-24.15387427777619
5044,-7.933415493166466,-37.39065516519778
1320,38.39481622129751,-0.03625612130982246
1516,-25.917874255041454,24.43851778863344
4352,1.6274400417464479,42.87613944550094
4615,35.780890541257556,-51.40048420673892
1588,4.062488121394571,-4.069577495354739
3275,35.79164153089403,-41.577821122033356
1704,3.1518132364721962,-9.736275973825519
3291,-39.99861558828258,-12.254694645186909
2997,-16.558043403735763,-15.416052521142815
4747,-19.99406275620519,39.6521908918478
380,22.485182759392227,24.469975656200553
2579,-21.42128677270649,-34.93761713209072
4428,2.5196740121150114,43.44876364766916
4272,-11.325383095281266,39.13523159436143
4345,36.79896334686571,-5.591690163974538
3518,-26.78885467596958,-13.07882114573362
1283,4.4160768336556755,-7.284152727044804
1570,-14.688847405164507,33.37341545670187
525,-2.8052699389853712,-38.461604951822
3110,44.79691255448975,-1.3176965781920331
4593,-24.840802677737596,-31.818159166780116
519,-24.38710945860769,22.01306498085027
1334,-40.604050773660695,-19.70679860780218
2517,44.944241485678454,-10.979189467531164
4047,9.036211918604248,13.454969542997668
4926,7.686941541053684,6.9334010196073255
5570,3.910524004704578,-2.850219234907974
1640,-18.06497465838172,-16.891610118087087
5553,6.605985039441567,28.97338337369852
1909,34.95250966490688,29.289020308491928
1837,33.00791238019796,-43.34870917034368
2209,0.6506378940814875,12.552747903870777
4097,-1.549594614971464,3.9286332913753625
1927,5.342794582061474,-6.973376394005335
4458,-19.515088722137463,38.17312294831044
2672,29.163950930655346,-45.23335351394869
2383,32.98875510071594,-4.071641030906475
4309,-12.620170375043243,-31.730928612830535
5446,37.02461555676139,0.7833242679711016
3424,-31.079016797324808,-10.351879778051988
5266,-1.6289921295083831,18.728697641053003
4368,-22.552867533712313,40.07449190021255
1146,40.44052035995737,-3.763429028820028
968,-7.590478691715583,32.35421800428158
5365,-12.040190980872218,-3.2673938366119355
2598,27.332907221612814,-45.089237824165714
4327,-28.184051768558938,-13.36366260921412
4139,-5.441946410393753,33.191451331499394
4841,-22.867669068704476,31.270292635124488
1541,-7.206251826579115,-39.27965643368528
138,35.15996292315676,-0.5780792716998769
1942,-17.228307614164024,-32.43394270257764
3308,-25.97922443352219,17.11024902017225
3827,-8.537231893664512,-40.30767286052903
1213,-6.164209873295766,-42.148884053763105
1517,-9.448743675937116,-36.534476227470826
769,-26.79578655759465,16.055358802956615
4893,-20.10268179213118,-40.798244543463404
60,-38.45203912739983,-19.84121455539806
5119,-20.143072802853958,41.02639439628752
2456,-2.63427082078268,30.420983275004314
492,-40.992287937510504,-11.38655072220946
2508,31.234955726805257,29.352975445986512
4978,-24.053983776937613,42.263880296651024
970,35.014917679763954,30.46037251094561
1990,-45.07802071657755,-19.824624266006413
1148,-11.121993719380752,-34.408501173316274
3681,-17.077742794904097,-16.61974071559239
2191,34.30146847782485,-40.735208365310996
4029,7.031231661323314,5.465627644477493
1736,2.458825353672139,-8.677201050161887
897,-23.469269178955102,6.842712439428542
4873,4.031175647478663,-9.589485783209575
4553,28.307964925392056,21.867081429256753
2007,-1.5423487199675305,28.22521214691283
3467,28.644735361782363,-44.864071270350856
5029,25.67122662934706,-51.563722416201806
3604,-24.94247484564232,2.9160926129134848
5136,38.71828281466607,1.8489527307214662
3196,-7.850654222521294,33.62975940184854
2090,-39.20436638952054,-12.674409788421485
872,29.05124499117304,-51.50301476391924
3647,-18.770909347134086,29.045484277523826
1758,27.142860729915594,-42.47590350172131
3078,41.44761800817479,-10.52652268443839
3260,-24.244936129323328,23.242952729366426
4559,8.772902434776194,-5.746829936709551
4836,-35.23462689195998,-19.593799054539183
883,29.10092832023309,-50.82676545098197
3789,-12.32591259136265,-39.51014038790998
5023,-45.43372631246916,-23.27270553156547
5009,-24.12139061094033,37.796614009428346
134,-13.85875335746515,-38.69055904987389
321,-12.747349681096921,47.70904665403244
3427,38.44302189893374,28.2886564638846
4409,42.45065938148061,27.12892551398202
584,-4.206402284281476,39.042287576876824
3368,-45.27076706320689,-16.077356543464294
334,37.42245712546069,-10.859344327723848
2220,3.481811676592813,15.95344186424222
2726,-9.921626568641779,34.018130323789265
222,-4.040423077842592,-41.051271597712486
5303,44.34329309508152,-5.389483467426233
2322,-21.945386697991303,39.88344346157573
5237,-5.365025346477266,5.39865686096112
599,42.291640881323474,28.430349381659838
4384,0.7934270413043891,44.02317110996028
3166,-44.78304302574728,-13.758115277158668
4701,-21.390696728195618,9.731186004302481
4791,44.608854238750496,-2.271181206633208
2490,-10.298083808793123,39.73407498318094
281,4.771363873744704,13.479140364478392
2173,-31.509368970103182,19.212644480205714
593,-13.885335456557886,36.227183846576274
1726,34.285077463952305,-11.07206334477003
1896,-22.020259393738247,19.84429621112492
538,29.989903553381094,29.927048744158594
249,-27.222455855801126,7.55880348874033
1623,-33.610302909012205,-11.059376299492781
1354,-36.62125934116702,-19.754989262896952
2785,5.773605478590207,-12.107450542947314
3813,-10.930742666055155,-36.522991496159584
1207,-15.49798866434364,42.579460607047814
1171,-36.704362942535596,-18.46545733894969
2455,2.907146183571368,-3.5452463930703852
513,-37.95043425793591,-18.306846009441355
2836,-38.457053180645694,-24.18362100972653
349,-20.00026552929423,7.364010717202716
4312,-5.577506933477604,29.519581285495438
3443,28.053864052015903,35.60126778414189
2594,-14.385766006071687,-37.388891485624576
1921,-24.463189356136635,13.419016919774048
1618,-2.661469928882907,35.99759452658904
2905,-16.07648268506178,-32.5756136040799
1481,-26.356131610002976,8.31846253923861
4761,-24.008877299866807,22.055954584775527
2267,-25.88915059188659,14.045817291320436
3766,-2.6855839875000207,31.729101955270245
4119,-0.07092383390923335,11.17141569938759
779,28.366405431325912,30.906764178981213
4925,31.03859253267179,35.899096454126756
177,-14.182162354958768,39.46242496991926
4999,-17.031553636448333,44.11264149053441
5216,41.54682810828818,1.830285551521094
878,-19.254652863017863,12.515234221168242
437,-12.546843876627493,-34.47318939042813
4542,-13.59866832894387,-19.284112475213533
1759,30.40263263668906,-52.205920767933456
2848,29.575680645189088,38.20604187367526
3567,-25.601107408985374,-15.068987085613122
4221,32.06108103485392,35.12902845428062
4648,31.234962593959295,-49.70627926674245
4205,34.3288813101039,-42.90344963299152
3076,-18.58908137505158,40.24077157949863
3513,35.805194529223634,-1.7662555286369508
1260,-23.52664938488111,38.199707882469255
2440,-16.40991384494863,-34.01358415036029
1252,17.889129447874566,24.89592449480906
2442,33.57783464134617,30.80877198615898
4304,42.04227615591693,0.6190246359086768
4462,7.5679347869461155,14.578109185654258
3702,23.603830122807615,-48.24426187647153
264,44.0683765855282,-4.314799480005856
5404,-18.220939773023048,-29.464451809249148
3268,27.591152313176025,30.274796167061513
5219,-24.168934259440125,11.661553858634136
1788,-0.05724367631975443,32.94912326055999
3926,-9.486938671086312,8.241784202602918
1797,-43.580696174721396,-27.308037838180844
3716,35.45276044832672,-11.591542820826545
1291,-0.6229927080550173,10.382606039057306
3538,25.448331292979102,-45.71691948758495
4898,-24.702789108628995,16.114759390736356
1293,25.910690855989422,39.247790641429845
4470,1.5883965769788206,-7.9459992587932815
3187,-40.824751038728145,-25.979408077798126
2165,35.94626990918522,-47.0168135246761
5425,-8.515927549660896,8.27992493161938
4574,-15.503850687552063,-19.91853903881597
5316,32.2834709674508,-39.88648736284847
1457,-42.00281026770063,-26.418439465490184
1348,-42.55950662199502,-24.33695164800877
3483,30.347166000423144,-48.58240603541638
2545,31.92279033065446,25.4438940940059
4567,-2.172442567187489,28.971965528465816
1738,26.55266516469042,-44.98395476200796
1310,36.53849395042774,-3.667606152902438
4203,-15.585106105093342,-38.61167613984401
2901,45.80317949204548,-5.128166193011129
1011,1.0378204793139338,13.586876563358237
3628,29.393142125051515,30.867246340733967
3549,-24.320964867782656,-34.66696441478077
4231,33.27088584513389,31.111960955874242
5395,-18.04631374655326,-14.082466806900749
5208,-7.885939028837901,35.841270955156176
2394,-2.7129702691393685,29.212782691019758
2308,26.338039586444015,-52.83697249946113
3181,34.85531651607062,-6.394080352544801
3624,26.298550837560168,33.68733883352813
1435,-17.273549400778453,-17.37884358398993
1046,-16.616472579831335,43.128968634348084
3375,-4.297940773036527,-14.795571004881475
3743,6.28937933002385,-5.9202261594066865
4995,-29.525650172854355,18.885292558508652
3821,45.82348031638831,-8.668529749181877
4727,-20.6003951245691,34.08151961958446
412,-2.9042702759866748,-13.305985693755153
3503,-23.102982660791316,22.94208253175373
2427,-29.98495446670721,14.015438381539411
4673,-23.283594735509,9.29107555662936
3200,-9.546475705879441,-40.34299098907521
1532,-25.560029329424165,21.74464593478574
1689,-8.741597064379269,-35.14319662432899
4303,-23.73581990571214,-13.90893371146152
2819,-6.954946386168732,34.55335528636426
4286,30.616506314883416,28.424598105530148
3286,37.919481809833535,-45.28312855188863
717,35.18926099713962,-4.541209053710991
340,-5.017227949728006,1.3543618891723768
258,-13.898864735667908,-17.86148518639846
2340,33.70159697460983,-38.61880345884101
2084,-16.46178136887637,-12.277333495845065
5617,3.7675388884637306,-0.9775190245891822
1174,4.8692968224809094,-4.425599203060071
5465,23.529587866628578,-45.94434823266574
1460,35.649479175754294,-7.57262033345695
1550,41.73670520554743,-2.460610577339729
3668,1.7129934421569475,-4.913480661875866
4769,-19.003265897439796,-39.01117081913398
948,43.18016774508183,-9.615610241660404
1904,-1.233647912873523,2.090119075642571
5262,-13.946515850469954,-34.60899339355824
5289,32.56744145886135,28.4248646798211
4912,-6.642304645206271,37.17125821663541
3899,0.9900291292355822,3.158692549047126
648,40.26145095368097,28.39903799334523
2533,27.521561926391865,-43.605649766241854
1047,39.778417350857715,-2.089155930738607
64,27.239281539997894,31.96823965160953
550,-8.344345832596476,-18.910628260422275
378,1.6913464324773395,30.01260808467971
494,-24.517278120796078,37.483286008348074
468,-4.392121808775074,38.768691027572494
2796,-3.36584960330104,-6.795374365304852
619,30.391450932395365,-45.73222491526822
2258,27.072129105440883,-47.764758493366614
3512,-15.160379000269463,35.02472335424982
4035,42.15889342580699,-11.028922275706641
4099,31.259749062343598,-47.25886466156667
1525,-8.143593734645222,-21.045828099326247
5580,0.7817189972790621,-5.110648567537609
3635,-22.70411153085729,23.3600521296812
5088,-46.11227665217599,-22.399201121976887
2401,3.8147821166266707,41.22886969934881
262,-3.573303006442207,30.411792911571002
1967,-2.598692756281778,16.964017183824648
4714,-36.980903058514215,-11.560979218877769
2774,-23.23497254868409,10.197627354634927
2844,-4.765501395323163,31.71118005696208
916,-3.6882363182215094,5.2449392935194
3083,39.42600679180049,-9.167370247697411
369,2.00875857731754,1.053117247098051
1557,-2.4901531908142145,33.61229936567673
3577,-4.735230326903254,7.72657629434576
3997,-36.8356883747573,-17.359124065235733
4232,-9.312123918653093,41.58899691927138
2448,39.328250990268664,-7.763396745458471
3497,28.58559415159206,-40.14702070664704
1619,33.18036074775498,24.940163637689096
4174,41.04126133263391,-1.839106114073717
2690,-6.622042720126956,38.4012119694209
2850,35.49600051605037,-40.113675625366184
1621,-24.389307469652874,19.402162543358568
5430,-22.85108436666952,-34.71277653407437
1383,0.17391883759534826,-3.012056687836643
3883,-2.932944019477874,40.789248012926436
3338,10.234936089237554,14.69906734753001
5075,39.632094837067505,0.13621215770426431
4639,-11.555437130826588,-1.6459733095687246
2130,44.25443118686684,-12.266391491261732
3722,-0.8869354165880106,-7.513435216585726
4046,35.0518382528692,-1.6945085248498253
5486,29.717882213996454,-47.74019086528609
1893,-4.953055141938828,-21.83103755394824
641,-17.680693135154637,42.91040326564761
4956,43.647197657151935,-3.0195137907571046
1221,-11.39273352766976,-41.47764583620049
4871,-23.730601583689534,40.98270906348366
3546,2.5411347205914616,31.12607298894446
4996,37.154482347513614,-7.569099060230682
313,-29.72338158998779,10.999712665178967
1694,35.15346831480489,-11.199438117699403
3230,25.074093719335867,34.7171493696493
5310,31.198770135087305,-39.68052412376545
4891,-25.481152260856536,26.72582976192594
5549,7.135157078824699,29.454261728635498
4464,-17.765324671013385,31.714281971840567
211,43.792345320378146,-11.503886711204691
2470,-19.62560003567939,-39.46218935497184
608,29.951507817243243,33.3708319522097
4983,-5.357325364823883,38.77231507846554
261,-4.713201056203192,-39.868827009377604
1642,32.4448840102418,26.32307586131969
1826,48.620554374774386,-7.159576420874656
4845,-21.398350347308874,-40.02914246151427
5020,-6.327345766148903,4.274235860795323
3531,-14.708862547902722,-39.959450311183915
3374,35.62120285442119,-7.0838537290988715
1956,-17.433246885318585,-20.88796648860465
2615,21.93321990786141,25.449243183286846
4876,-19.18173664709955,-38.39934627554997
3592,26.837854144731995,21.566756229802756
3842,-13.790643058385404,42.41349155543889
5456,-25.43199234540559,-13.524631496702503
2385,-16.691812939033962,-32.792446436172796
743,26.86480067539285,-52.33939019544262
2847,0.29426589124852615,-7.42015095042138
3006,42.25833365994403,-9.367031937656702
4147,-13.553875396930644,-36.21172919808871
3499,-3.474533274853346,38.356953372045965
230,0.17930219331989217,33.90253165394244
3457,32.413464381452854,30.01712316117729
1048,2.0081058222093042,17.048469679822848
4193,2.113422389276363,13.124667844631807
4595,29.196039561630872,-47.01635022360752
4022,-15.594491962809629,38.15218049670363
1027,-19.885517265662056,-40.85718870698725
4493,-9.119574308834732,-24.860044524147252
2260,-39.82270288685522,-14.921393346738608
5519,-16.705219822910404,41.295397953495765
1282,-8.810062041940764,-19.69222044409298
4213,-10.797998894918216,-32.025942738837074
2464,38.71583813834748,-2.813179998737558
2750,-25.721152997093217,-13.438479414918806
2293,-2.6882663939598763,5.332886224903188
3349,-2.391775174260263,-15.057204497345495
2966,-17.862818234581948,35.327396698917696
5601,-6.192108176328161,-40.7675307061492
3097,33.861265269619,21.863514396648583
4089,30.3981189813172,-43.83801982204138
3298,-36.04356288754714,-16.30298939186697
5035,25.00203660097233,-52.529443579119004
2102,-11.85538908668668,26.378978987500172
1326,24.51850575665174,26.304370625708742
1057,-17.420059390154425,-35.93402467641055
3137,-16.436454994400602,31.61744397055373
3925,-27.385995230069614,13.0355222944017
3528,-24.852523215992562,3.7516553235154975
3693,-1.4636706676811413,2.7233577794101174
5607,-26.929319138941228,21.83987615891576
5165,25.36542124891363,-49.90937240754952
1729,9.211533847446576,-9.847745349950694
3409,-2.7994612267133383,-8.678067134879521
1155,1.8049902259585555,10.87801800930585
5449,4.326027267162761,-11.70330797249664
4683,18.739106696128374,25.389976909354907
3902,31.776412403834488,-41.6670315505875
2406,-10.228290486843067,-20.114347414465946
4745,-33.92130974516759,-20.031700042500265
2201,30.674427940415818,-41.6199879612928
5448,30.234946628300552,24.125499913365758
3697,40.81406648749473,-0.9341807445006496
2217,-1.0058230454267507,38.94917302122015
1867,5.196177412097085,-9.332823674206514
4822,-0.5333582469351311,38.15506414068228
2820,41.3981269659274,-6.205847107997728
5345,-11.843289477634594,-15.141106751032098
2710,-27.25052497117732,23.697106309086642
3435,27.697722021734208,35.9264974336129
5563,-15.906402730114955,37.13965801225746
3841,-6.334830148200847,5.748712868586825
2924,-22.678654442708698,21.992170317045627
1392,-45.356278503134455,-17.873200538997366
1500,42.625280456950634,-6.599377329441964
391,-14.923123104782405,34.59052600646447
3491,2.5216777872269964,3.214856707474237
3359,24.72216061093396,25.53377378724167
4400,-39.970747247125445,-13.692431197235267
4552,-6.824494616759354,33.260798200528
505,32.663051346415706,-37.924644288149665
1735,-23.056809847137806,-34.218372667110614
4023,-8.494651744713375,-21.062388758985012
5210,-14.839625302851012,-38.39734528795951
274,-14.984399431048667,-13.73387705778323
1945,-0.037951176155801895,18.027316447180795
4621,28.76535150620035,22.624795112553706
4913,-5.467715085309131,36.36981702696809
1387,36.2576812149738,-42.93107913707821
5509,-17.717616096887486,37.257928688065235
2462,-25.51155897440242,20.943373522752026
5409,-44.96945036364022,-20.729455291264525
5148,2.7343886780510007,6.848399245548111
1938,-1.6704525004463162,37.502252338902274
2969,-25.425420290044137,25.494542261422065
3779,-16.442666829245056,-15.986004306733138
5217,5.858116703486385,-10.64763778966542
4356,-42.07382289267001,-19.131875785330138
5522,-27.005436254792844,14.269033834208795
1528,-1.2522991026691097,14.459439045168452
3067,-11.959726329010396,26.527122419447718
944,4.613977985504208,15.664635885424586
4618,-22.372378596780212,34.958998692522535
1697,-17.559811869231897,35.46051012897544
3365,23.609414298079447,25.675757511084107
612,40.62288459110107,28.173353378451026
1622,8.006785004545788,-8.39009035452386
3058,22.684634768993565,-46.95881365233308
5230,-22.252445621681915,15.410073017989442
1211,-6.3396598680644995,-42.542153619236835
2261,-18.408434155906797,-34.643509856093814
4276,41.49879733559845,0.020041289786648417
898,-29.35518600823658,11.619021844225584
1050,-2.6955669883090865,33.25330379209132
4175,-0.05143703233816284,8.225774398757972
1061,-27.34296463352597,14.748047375606983
529,45.846702248937014,-3.6123483311099798
1711,11.468373476168045,-8.902166603369658
5198,38.46861419307729,1.6936075116612332
4846,-20.12261077855251,-37.68613450463417
1959,28.316521442646728,30.39306920108256
367,-12.459656714180527,27.357079648874887
280,-2.5627336899798308,7.805493027583323
4437,0.7768165642731004,43.19623937058597
2606,25.067788893732217,24.903683389124794
5298,-5.971019178162926,40.633729535834874
5018,-4.607984765748931,3.9389451966531164
24,41.97794791590587,27.725818159489155
1575,-2.1511964934590386,15.539609254984637
5619,-0.2294094714378536,15.284574754484025
359,38.25101670775925,-6.3459354877290854
3572,3.081402828453152,34.101860023892165
1402,-24.481024238340463,2.9001300618281878
560,-21.54890827449602,23.333830731722653
423,35.24461164192628,-44.39006273271327
4250,-14.054481231749705,-32.29534749542809
2483,4.048156924839931,-5.923614485371003
811,42.15990511077526,-3.8709322593773994
207,-6.899617069470195,-40.8627087988518
2307,4.206856799962416,-14.360538616862229
1660,-41.44553533803373,-28.387144644871324
3955,29.960198102330004,22.84311905764945
493,46.431105706938915,-8.53115178760575
2469,-42.05577415933683,-13.647908244232605
3535,-43.574731490335424,-18.976696943369603
2681,-11.977271794264755,-34.82060174978379
909,42.6581409646234,-5.85684313629136
2223,33.39383238558526,-40.65485160747861
4584,22.038245149920836,22.41454472983607
2993,-5.635720776683923,-40.0085922109799
2748,0.7199613557837031,-4.382169882104923
2285,29.62066299330476,28.93165147851927
4181,-25.389288902906475,22.407291569586004
1744,-25.321172037119116,7.971286484078046
1905,27.36562942062186,-40.68680856890387
3192,-44.90150581338372,-15.156693745838613
3935,-39.5798709149835,-20.157583035406397
3709,-5.2862013331099424,-13.391706069529528
753,-46.447395683991076,-23.202060440037286
2733,28.651845559795436,33.89273638927966
5438,21.29961432534364,-44.344839043559425
834,36.91838480267807,-44.36126315599456
3116,-20.740496704784285,-39.90288772434547
3594,-5.07479391595875,1.577665044711877
1370,-44.358686293961156,-18.958427753754368
5167,25.031169463828526,39.000975155678105
854,0.4128980252900432,30.497938456033566
3728,-38.67805640679737,-8.918257615322299
4778,0.3072871119069034,18.528311195451558
3484,-42.273446365586516,-25.365387646226086
4353,-23.238593984844783,-32.10427012698163
1379,-21.119255300072965,7.08102591907265
5141,-19.83588447244592,36.36994590283898
930,36.44746211218007,-12.512345614959225
1415,-46.56563301907304,-19.17182220004847
408,32.17121027941609,23.12255694288637
5606,33.85048025203132,27.963766803901184
4271,-9.894371498141316,38.06187247829699
2705,26.937898630965808,29.716221914471532
5151,-7.662968062716479,-37.62942331590613
978,6.322580490830457,28.42598215138592
5328,-9.405014710275932,-17.45199082571361
5544,32.01306189861379,24.049331895057833
3924,34.24406188828699,-49.029713586001364
145,-43.77687137259165,-15.574572594716408
3936,23.809459417143643,24.143390158780047
2091,-38.402410741420866,-13.038652152180106
2758,-11.57666833034817,25.90722177427806
8,28.64647556005471,-52.43716474274177
5057,19.59525940259135,25.949067463883928
3861,-5.767653591526611,3.095629615517499
3732,41.31445039014567,-9.839338597174594
489,32.54055952865305,-38.36477141735878
5521,-16.249739669610534,36.09407221061735
2471,32.56758674115792,29.290681650707302
5065,3.794491837393657,-15.70814366958043
2232,39.99975933812201,0.7248644663988958
730,-20.771845267292015,37.7694389133767
4233,-11.928804969060828,-31.785513532141835
1845,46.43784416003046,-10.272937167395773
1587,30.23429155240298,26.492774364992883
214,-14.52100840589764,-17.46179887578684
21,-6.540327600311338,15.375108070832594
3760,-38.273903763079815,-25.301374660571483
3992,-16.357125580561377,41.728822045456084
2921,40.92741126030661,-2.8205816610629437
5414,21.019024935894805,-44.45791129707775
4952,-27.515346192057812,12.46084948608905
1478,9.113596562510656,-8.45581567598254
139,4.067832136454606,-2.911575344391675
3634,32.601496763337366,27.35339109507558
4838,1.4522129777314499,17.681635519873744
50,29.668943664562033,31.90608639338218
1827,-16.871531308407118,-12.929609199994452
1130,-12.293597051256947,48.057979430463334
3007,-4.698370982069145,33.020882673758955
2117,22.032902576051903,23.86637044059802
2882,-24.384158061649043,20.2588686159514
3043,19.733197059101403,25.286581232521115
2717,4.734887300100793,-5.369385316673126
4870,6.238721670884771,5.344870125931024
