PC,Eigenvalue,Explained variance ratio,Cumulative explained variance
1,284.92113078844557,0.507811722912863,0.507811722912863
2,36.92263841847653,0.06580680266812838,0.5736185255809914
3,15.746252070722074,0.0280643677474057,0.6016828933283971
4,14.04908582238359,0.02503952745474856,0.6267224207831457
5,10.594719999082445,0.018882850147426144,0.6456052709305719
6,9.672991689768729,0.0172400641613011,0.6628453350918729
7,7.692420641878773,0.013710114685819378,0.6765554497776923
8,6.727740872599226,0.011990776796272801,0.6885462265739651
9,5.5875318580263835,0.009958595109471446,0.6985048216834366
10,5.414872288752581,0.009650865903470843,0.7081556875869075
11,4.8255461090727865,0.00860051648981834,0.7167562040767258
12,4.490186872103286,0.008002809498241528,0.7247590135749673
13,4.286602680423889,0.007639963685969013,0.7323989772609363
14,3.62078775362622,0.006453289239666635,0.7388522665006029
15,3.5478221491356408,0.006323243464447347,0.7451755099650502
16,3.364898612010134,0.005997220904126996,0.7511727308691772
17,3.2921169795970826,0.005867503020269779,0.757040233889447
18,3.228474597925717,0.005754073920092542,0.7627943078095395
19,3.1864704891164504,0.00567921046996925,0.7684735182795087
20,2.958531731093605,0.00527295778835911,0.7737464760678678
21,2.807417865986194,0.005003629248268505,0.7787501053161363
22,2.7403438927197685,0.00488408406103448,0.7836341893771708
23,2.683099396610622,0.00478205784024832,0.7884162472174191
24,2.6289956262814655,0.0046856292996521835,0.7931018765170713
25,2.5208556298726768,0.004492892601815223,0.7975947691188865
26,2.3622841438467104,0.0042102724279416024,0.8018050415468281
27,2.3451793888634667,0.004179786815751285,0.8059848283625793
28,2.2755592870147012,0.00405570369221686,0.8100405320547962
29,2.179917090552847,0.0038852416824878356,0.813925773737284
30,2.17146658161571,0.003870180435570195,0.8177959541728542
31,2.0533085908464273,0.003659588779196968,0.8214555429520511
32,1.989315047054437,0.0035455338067265714,0.8250010767587778
33,1.9522235582027094,0.003479426063832681,0.8284805028226104
34,1.8918770117255357,0.003371871093607716,0.8318523739162181
35,1.8497395596616077,0.003296769987303216,0.8351491439035214
36,1.8415369109949422,0.003282150498954487,0.8384312944024759
37,1.7984149866598547,0.0032052947788072223,0.8416365891812831
38,1.6586254085095784,0.0029561493878377406,0.8445927385691209
39,1.6087315652013268,0.0028672241527630555,0.847459962721884
40,1.5994857731621595,0.0028507454817283343,0.8503107082036123
41,1.5079841869992943,0.0026876632351078645,0.8529983714387201
42,1.4903301176725747,0.002656198586148988,0.8556545700248691
43,1.4779086171999247,0.0026340598857348624,0.858288629910604
44,1.452349386359684,0.0025885059564303087,0.8608771358670343
45,1.397387902744466,0.0024905487231031177,0.8633676845901375
46,1.3856005946805867,0.0024695403366775154,0.865837224926815
47,1.3503979899032357,0.0024067991305986992,0.8682440240574137
48,1.3247857657464293,0.0023611507519027877,0.8706051748093165
49,1.2920401281717369,0.0023027885708014097,0.872907963380118
50,1.2768259158708861,0.002275672451544556,0.8751836358316626
51,1.2352919828129767,0.0022016469903682664,0.8773852828220309
52,1.1977126885967804,0.0021346698374664504,0.8795199526594973
53,1.1653805101020882,0.002077044559827402,0.8815969972193247
54,1.1361605759105584,0.0020249662001629565,0.8836219634194876
55,1.120915129511075,0.0019977944127238362,0.8856197578322115
56,1.1095319232922587,0.0019775062524661066,0.8875972640846775
57,1.0900233101699879,0.0019427362709844012,0.8895400003556619
58,1.0673756479909327,0.00190237159771756,0.8914423719533795
59,1.0551875637046018,0.0018806489123438157,0.8933230208657233
60,1.0448137017593295,0.001862159695018617,0.8951851805607419
61,1.0181658017543238,0.0018146654429211859,0.8969998460036631
62,0.995242708079003,0.0017738098712001792,0.8987736558748632
63,0.9879716463332864,0.0017608507397300754,0.9005345066145933
64,0.9722549706619559,0.001732839085666246,0.9022673457002596
65,0.9579722615150001,0.0017073831739909402,0.9039747288742506
66,0.9456833183621496,0.0016854807289951675,0.9056602096032458
67,0.9292261443271136,0.0016561492930364436,0.9073163588962823
68,0.9151292079146305,0.0016310244820138054,0.9089473833782961
69,0.8889512610251118,0.0015843678220619736,0.910531751200358
70,0.8836814080650397,0.0015749754224749501,0.912106726622833
71,0.8585752614296339,0.0015302290200465015,0.9136369556428795
72,0.8539875944086597,0.0015220524727766495,0.9151590081156562
73,0.831173691798246,0.0014813915110610284,0.9166403996267173
74,0.8195724576226133,0.0014607147620310736,0.9181011143887483
75,0.8117120552317885,0.001446705255365747,0.919547819644114
76,0.800957413007618,0.0014275373776374276,0.9209753570217515
77,0.7779690003618588,0.0013865653886509643,0.9223619224104025
78,0.7607728865504542,0.0013559169486500053,0.9237178393590525
79,0.7558009289931644,0.0013470554846847663,0.9250648948437372
80,0.7466700246762247,0.0013307815767436228,0.9263956764204808
81,0.7339750674078133,0.0013081554973618033,0.9277038319178427
82,0.7307499423286649,0.0013024073932513087,0.9290062393110939
83,0.719467396001973,0.0012822986379857832,0.9302885379490797
84,0.7013162082298817,0.001249947980419762,0.9315384859294995
85,0.6899806987717253,0.0012297448295614443,0.9327682307590609
86,0.6820048704513002,0.0012155296005616001,0.9339837603596225
87,0.668637296275975,0.0011917047236409141,0.9351754650832634
88,0.658908369983441,0.0011743649678669832,0.9363498300511304
89,0.6468295478134419,0.0011528370191327784,0.9375026670702632
90,0.6348435712065426,0.0011314745480001539,0.9386341416182633
91,0.6205058247985569,0.0011059205440342881,0.9397400621622976
92,0.6134060882047776,0.0010932667634531929,0.9408333289257508
93,0.6055237885532878,0.0010792182295467675,0.9419125471552976
94,0.5946489409074416,0.0010598361110490263,0.9429723832663466
95,0.5762914637074932,0.0010271177861587567,0.9439995010525053
96,0.5727828481471992,0.001020864420156097,0.9450203654726614
97,0.5651277352729268,0.0010072207986843605,0.9460275862713458
98,0.5522529023047218,0.0009842741288683756,0.9470118604002141
99,0.5413086595537882,0.0009647683282562941,0.9479766287284704
100,0.5265203044581055,0.0009384112095006417,0.9489150399379711
101,0.5180904351610456,0.0009233867483810881,0.9498384266863522
102,0.5147287972911346,0.0009173953390608854,0.9507558220254131
103,0.5043477861566272,0.0008988933798162199,0.9516547154052293
104,0.5021608286023919,0.0008949955899945932,0.9525497109952239
105,0.49104074659184227,0.0008751763930502207,0.9534248873882741
106,0.4883983065990031,0.0008704668020074495,0.9542953541902816
107,0.48168403137151017,0.0008585000248788133,0.9551538542151604
108,0.4683803785432091,0.0008347890742551113,0.9559886432894156
109,0.4643229459338924,0.0008275575578061969,0.9568162008472217
110,0.4636483545260356,0.0008263552411365346,0.9576425560883582
111,0.4553330547955986,0.0008115349760654074,0.9584540910644237
112,0.4478919311255107,0.0007982727451425604,0.9592523638095662
113,0.43361031928563165,0.0007728187891853008,0.9600251825987516
114,0.4254158065449437,0.0007582138014058233,0.9607833964001574
115,0.4210952842333661,0.0007505133831432174,0.9615339097833007
116,0.408540032895557,0.0007281363000682845,0.962262046083369
117,0.40293604294094476,0.0007181483718786024,0.9629801944552475
118,0.3983456143274011,0.000709966902653412,0.963690161357901
119,0.391549361397455,0.0006978540175888428,0.9643880153754898
120,0.3808053465120657,0.0006787050808467588,0.9650667204563366
121,0.37276508418492377,0.0006643750118423335,0.9657310954681789
122,0.3648509034186332,0.0006502696565840114,0.9663813651247629
123,0.3590075976976718,0.0006398551985988955,0.9670212203233618
124,0.3539248650360768,0.0006307963014126896,0.9676520166247745
125,0.3486739927609165,0.0006214377308866433,0.9682734543556611
126,0.3452805176439525,0.0006153895783995365,0.9688888439340607
127,0.338010144367092,0.0006024316739797218,0.9694912756080405
128,0.33496049656312316,0.0005969963210407336,0.9700882719290812
129,0.3270466567851929,0.0005828915735221263,0.9706711635026033
130,0.32298601814272304,0.0005756543429964261,0.9712468178455997
131,0.31671930115379393,0.0005644852438764374,0.9718113030894762
132,0.3127841020232608,0.0005574715827802901,0.9723687746722565
133,0.30613364171285495,0.0005456185422597595,0.9729143932145162
134,0.3026115603855492,0.0005393411763721927,0.9734537343908884
135,0.2969879750821375,0.0005293183236130082,0.9739830527145015
136,0.2949657628473601,0.0005257141575190576,0.9745087668720205
137,0.2890291089473649,0.0005151333261256418,0.9750239001981461
138,0.28344179126290986,0.0005051751127353148,0.9755290753108814
139,0.28178396984587606,0.0005022203962924305,0.9760312957071738
140,0.2743137122888468,0.0004889062403709642,0.9765202019475449
141,0.2720770408371875,0.00048491984602978605,0.9770051217935747
142,0.26633453351507874,0.00047468503989585634,0.9774798068334706
143,0.2634731666749784,0.0004695852579985425,0.9779493920914691
144,0.2587228278126018,0.0004611187825376035,0.9784105108740068
145,0.2582655609019809,0.0004603038008720777,0.9788708146748788
146,0.25262438735124704,0.0004502496007777518,0.9793210642756566
147,0.24838518594276943,0.00044269411984498787,0.9797637583955016
148,0.24555422640143298,0.00043764853253384494,0.9802014069280354
149,0.24109099304509035,0.00042969376198322064,0.9806311006900186
150,0.23712917578787077,0.00042263265969962624,0.9810537333497182
151,0.23352542983476066,0.00041620974386911204,0.9814699430935874
152,0.22949779812275586,0.0004090313412238893,0.9818789744348113
153,0.22846968926630593,0.00040719895438655264,0.9822861733891979
154,0.22339405454719108,0.0003981527077832994,0.9826843260969812
155,0.21759627868001366,0.0003878193971438718,0.983072145494125
156,0.21641103305978093,0.0003857069472219592,0.983457852441347
157,0.21315095765501668,0.0003798965515396944,0.9838377489928867
158,0.2070006567984136,0.00036893493958139057,0.984206683932468
159,0.20355114537327018,0.00036278691421323943,0.9845694708466812
160,0.19885119901002526,0.00035441025273603375,0.9849238810994173
161,0.19509937799144839,0.00034772342438380867,0.9852716045238011
162,0.19462598113123805,0.00034687969449076874,0.9856184842182919
163,0.18802583933074002,0.00033511633608381117,0.9859536005543758
164,0.18667324969332538,0.00033270563080453305,0.9862863061851803
165,0.18295997248172463,0.0003260874986454404,0.9866123936838258
166,0.17680743090437048,0.00031512189307577465,0.9869275155769016
167,0.16973301773153812,0.00030251324614266644,0.9872300288230443
168,0.16167839877788567,0.0002881575894844811,0.9875181864125289
169,0.15343209642612107,0.00027346029766438354,0.9877916467101933
170,0.15001732554251918,0.0002673741899722092,0.9880590209001655
171,0.14551302588287796,0.00025934622741166267,0.9883183671275771
172,0.14248435654729974,0.00025394826416064886,0.9885723153917378
173,0.138465948850445,0.00024678630137375655,0.9888191016931116
174,0.1354336008789265,0.00024138178173133143,0.989060483474843
175,0.1340639525880618,0.0002389406730061064,0.9892994241478491
176,0.1281274742858847,0.00022836015457870432,0.9895277843024278
177,0.12672110118210955,0.0002258535916329864,0.9897536378940608
178,0.12581669629239764,0.00022424168098253894,0.9899778795750434
179,0.12051898152997792,0.0002147996236189425,0.9901926791986623
180,0.11696808852001356,0.00020847090699382105,0.9904011501056561
181,0.11497467543541519,0.00020491806930092785,0.990606068174957
182,0.11118814511592434,0.00019816937895254452,0.9908042375539096
183,0.11041212911381619,0.00019678629437068848,0.9910010238482803
184,0.10584196775474296,0.00018864094724491156,0.9911896647955252
185,0.10240390980756432,0.00018251333528155963,0.9913721781308067
186,0.101077823175522,0.0001801498660103067,0.991552327996817
187,0.09815665771646742,0.00017494350570782189,0.9917272715025248
188,0.09631367503443784,0.00017165877842743315,0.9918989302809522
189,0.09422840578834901,0.000167942226532306,0.9920668725074845
190,0.09212265357056545,0.00016418916806738563,0.9922310616755519
191,0.0875790853347203,0.00015609121756567348,0.9923871528931175
192,0.08713396554157406,0.0001552978855708344,0.9925424507786883
193,0.0833899002535182,0.00014862488016977976,0.9926910756588581
194,0.08222359147857386,0.0001465461811739772,0.992837621840032
195,0.08056132736847707,0.0001435835465692759,0.9929812053866013
196,0.07777496962506489,0.00013861745254031341,0.9931198228391416
197,0.07669176272354225,0.00013668686507770176,0.9932565097042193
198,0.07381057054006317,0.00013155174869413684,0.9933880614529135
199,0.06994437287403645,0.0001246610681311551,0.9935127225210446
200,0.06923144091676042,0.00012339041753201512,0.9936361129385767
201,0.06782167511429715,0.00012087780781763048,0.9937569907463943
202,0.06655487015894451,0.00011861999561117175,0.9938756107420055
203,0.06463431753477857,0.000115197016296427,0.993990807758302
204,0.06250716933271534,0.00011140582400966479,0.9941022135823117
205,0.06082257083315185,0.00010840338307412414,0.9942106169653858
206,0.059038276639446045,0.00010522325562558494,0.9943158402210114
207,0.057860373806530065,0.00010312389267081998,0.9944189641136822
208,0.05569181558580581,9.925889577411563e-05,0.9945182230094564
209,0.05544715713731726,9.882284377646857e-05,0.9946170458532329
210,0.05439386289265178,9.694556930532756e-05,0.9947139914225381
211,0.053460653639331154,9.52823209619857e-05,0.9948092737435001
212,0.05217866327742907,9.299744397643646e-05,0.9949022711874765
213,0.05105737357308405,9.099898196320416e-05,0.9949932701694397
214,0.05064633484367539,9.026639226447834e-05,0.9950835365617042
215,0.05018422491179803,8.94427789367044e-05,0.995172979340641
216,0.04972318860847329,8.862107912500966e-05,0.995261600419766
217,0.04923138373566827,8.774454083841452e-05,0.9953493449606043
218,0.04773102529580943,8.50704688865617e-05,0.995434415429491
219,0.046075055766492255,8.211905304230077e-05,0.9955165344825333
220,0.04590624280568034,8.181817960324521e-05,0.9955983526621366
221,0.04523005609601087,8.061301964512686e-05,0.9956789656817817
222,0.044583559534736215,7.946077610415241e-05,0.9957584264578858
223,0.04390483839306342,7.825109905641473e-05,0.9958366775569423
224,0.04284882510966084,7.636897847315162e-05,0.9959130465354155
225,0.042167406232227755,7.515449328134752e-05,0.9959882010286968
226,0.041531292827070826,7.402075552259717e-05,0.9960622217842194
227,0.04030824669246289,7.184093416958449e-05,0.996134062718389
228,0.03986254297911743,7.104656146034984e-05,0.9962051092798494
229,0.039389458236419365,7.020338785083728e-05,0.9962753126677002
230,0.03868592655677441,6.894949126066281e-05,0.9963442621589609
231,0.038189944765413965,6.806550849916253e-05,0.99641232766746
232,0.037404954941043664,6.666642997494268e-05,0.996478994097435
233,0.036580165017922744,6.519641618290775e-05,0.9965441905136179
234,0.036374264639212624,6.482944225657291e-05,0.9966090199558745
235,0.03508405884193982,6.252992299307631e-05,0.9966715498788675
236,0.034626267313898076,6.171400630782912e-05,0.9967332638851754
237,0.03417636437417094,6.091214936470181e-05,0.99679417603454
238,0.03342343465210142,5.9570211199784455e-05,0.9968537462457397
239,0.03333003033753376,5.9403737741754704e-05,0.9969131499834815
240,0.03287286452891864,5.858893626919537e-05,0.9969717389197507
241,0.032331398026704296,5.7623886619742624e-05,0.9970293628063704
242,0.03200129508498893,5.703554786400622e-05,0.9970863983542344
243,0.031490005632425794,5.612428243032365e-05,0.9971425226366647
244,0.030616966064940264,5.4568273840476e-05,0.9971970909105051
245,0.029853472392145357,5.320750766514123e-05,0.9972502984181703
246,0.029763139486135237,5.304650834399651e-05,0.9973033449265143
247,0.02898786873778874,5.166475201952756e-05,0.9973550096785339
248,0.028825324510391985,5.137505127344575e-05,0.9974063847298072
249,0.028018460862811446,4.9936987280439e-05,0.9974563217170876
250,0.027309964952361605,4.867424299760309e-05,0.9975049959600852
251,0.026878603223583084,4.790543184595728e-05,0.9975529013919312
252,0.026443694644199232,4.7130299182418604e-05,0.9976000316911137
253,0.025946860838038998,4.624479788453517e-05,0.9976462764889982
254,0.025386670100211277,4.524637624080196e-05,0.997691522865239
255,0.024783745783933567,4.4171791021419354e-05,0.9977356946562604
256,0.024197258006863887,4.312650046077566e-05,0.9977788211567212
257,0.02385861038055408,4.2522932609908106e-05,0.9978213440893311
258,0.023603782560920772,4.2068755856586845e-05,0.9978634128451876
259,0.022773763269815082,4.058942182088048e-05,0.9979040022670085
260,0.02271481780313028,4.048436397939192e-05,0.9979444866309879
261,0.02241794783273353,3.995525597420083e-05,0.9979844418869621
262,0.021764167719962223,3.879003104141383e-05,0.9980232319180036
263,0.02165729166469641,3.859954705164278e-05,0.9980618314650552
264,0.021321764948306995,3.800154156338184e-05,0.9980998330066186
265,0.021077866288507597,3.756684372855949e-05,0.9981373998503472
266,0.020376112555926258,3.6316115953415085e-05,0.9981737159663007
267,0.019982836912160847,3.5615185202201465e-05,0.9982093311515029
268,0.019609015385725303,3.494892730523243e-05,0.9982442800788082
269,0.019444524027962814,3.4655756210626364e-05,0.9982789358350188
270,0.018813505228965587,3.353109851106419e-05,0.9983124669335299
271,0.01856340904054321,3.308535489076736e-05,0.9983455522884207
272,0.01826093160202174,3.254625275828317e-05,0.998378098541179
273,0.01803706555580895,3.2147258825069364e-05,0.998410245800004
274,0.01781464713069313,3.175084497063505e-05,0.9984419966449747
275,0.017399103049379996,3.101022543394458e-05,0.9984730068704086
276,0.017077050478388905,3.0436234763294973e-05,0.9985034431051719
277,0.016479558041529934,2.937133072143209e-05,0.9985328144358934
278,0.016384927166305643,2.9202671178156306e-05,0.9985620171070715
279,0.016163690000960924,2.8808362669709886e-05,0.9985908254697412
280,0.01568940150780795,2.7963043629316956e-05,0.9986187885133705
281,0.015664304652773173,2.7918313787203675e-05,0.9986467068271577
282,0.015498961023067706,2.762362369791106e-05,0.9986743304508556
283,0.015049706415794393,2.6822922270415343e-05,0.998701153373126
284,0.014727608439240692,2.624885067394281e-05,0.9987274022238
285,0.014578117090765797,2.598241392697521e-05,0.9987533846377269
286,0.014435399290277288,2.5728049598306953e-05,0.9987791126873252
287,0.014134026561517217,2.519091637759039e-05,0.9988043036037028
288,0.013842633952672987,2.4671570612213894e-05,0.998828975174315
289,0.013637476363334877,2.4305920551012254e-05,0.998853281094866
290,0.013531474195613671,2.4116994081171123e-05,0.9988773980889473
291,0.013409571500009689,2.389972827954006e-05,0.9989012978172268
292,0.012906046570901705,2.300230146857546e-05,0.9989243001186954
293,0.012862425634000923,2.292455636395173e-05,0.9989472246750594
294,0.012676463729927779,2.2593118556435596e-05,0.9989698177936158
295,0.01257270365443537,2.2408188142325693e-05,0.9989922259817582
296,0.012275365415575834,2.1878245547526542e-05,0.9990141042273057
297,0.012090582258756274,2.154890860796662e-05,0.9990356531359137
298,0.012076202412543586,2.152327956999292e-05,0.9990571764154836
299,0.011704132711946234,2.0860143932488012e-05,0.9990780365594161
300,0.01162826536417604,2.0724926412897946e-05,0.999098761485829
301,0.011331424110866645,2.0195869589848265e-05,0.9991189573554189
302,0.011050171386639678,1.969459602664007e-05,0.9991386519514456
303,0.010966389343213657,1.9545272234109855e-05,0.9991581972236797
304,0.010844762812702188,1.9328498638413287e-05,0.9991775257223181
305,0.010635899300967309,1.8956243553456207e-05,0.9991964819658715
306,0.010488290767188902,1.8693162525919818e-05,0.9992151751283974
307,0.010412929893386465,1.855884768917909e-05,0.9992337339760866
308,0.010225210438331914,1.822427741834054e-05,0.999251958253505
309,0.01010160614524967,1.800397887868563e-05,0.9992699622323836
310,0.009897252838790723,1.7639762281802508e-05,0.9992876019946654
311,0.009675240470717508,1.724407213826263e-05,0.9993048460668036
312,0.00955592532277593,1.7031418093691948e-05,0.9993218774848973
313,0.009202605082550353,1.640169940827034e-05,0.9993382791843056
314,0.009170003277238098,1.6343593577790614e-05,0.9993546227778835
315,0.009015296007808168,1.6067860553641242e-05,0.9993706906384371
316,0.008896002383967518,1.585524487123326e-05,0.9993865458833083
317,0.008865621061640289,1.5801096582572926e-05,0.9994023469798909
318,0.008675118234416688,1.546156553886098e-05,0.9994178085454298
319,0.008543965496334651,1.5227813490685831e-05,0.9994330363589206
320,0.008503858601877934,1.5156331424338594e-05,0.9994481926903449
321,0.008309104665788686,1.4809223677167061e-05,0.999463001914022
322,0.008245212123934968,1.4695348719313868e-05,0.9994776972627414
323,0.007990874359518447,1.4242045385886984e-05,0.9994919393081273
324,0.007975366803674298,1.4214406443736247e-05,0.9995061537145711
325,0.007665384477516146,1.3661928434529596e-05,0.9995198156430056
326,0.007507128151357702,1.3379869966538851e-05,0.9995331955129722
327,0.007331015948174151,1.3065987170000947e-05,0.9995462615001421
328,0.00726924542005612,1.295589425333291e-05,0.9995592173943955
329,0.007063960949501971,1.2590018053168733e-05,0.9995718074124487
330,0.006927284504647579,1.2346421164615571e-05,0.9995841538336133
331,0.006844128317066743,1.219821282791048e-05,0.9995963520464413
332,0.006664359438156322,1.187781277940233e-05,0.9996082298592207
333,0.006483682536688257,1.1555794372514918e-05,0.9996197856535932
334,0.006375453394896228,1.1362898791865272e-05,0.9996311485523851
335,0.006212213238192775,1.1071957698816977e-05,0.9996422205100839
336,0.006161869994407772,1.0982231502333268e-05,0.9996532027415862
337,0.005928670933476025,1.0566603442084764e-05,0.9996637693450283
338,0.00585889171761546,1.0442236731438888e-05,0.9996742115817597
339,0.005749941950019649,1.0248056787534115e-05,0.9996844596385472
340,0.005514288153945116,9.828053680483349e-06,0.9996942876922277
341,0.005437348772924505,9.690925488103206e-06,0.9997039786177158
342,0.005350579031319803,9.53627675475354e-06,0.9997135148944705
343,0.00522550924615295,9.313366285059108e-06,0.9997228282607555
344,0.005075438957502472,9.045897699536e-06,0.9997318741584551
345,0.004910075218723204,8.7511717700676e-06,0.9997406253302251
346,0.004702944445113582,8.382004924758833e-06,0.9997490073351499
347,0.004593429015598045,8.186816807984442e-06,0.999757194151958
348,0.004573228330361547,8.15081335416696e-06,0.9997653449653121
349,0.00442063704819122,7.878851630282284e-06,0.9997732238169423
350,0.004294648861802009,7.654304304431342e-06,0.9997808781212467
351,0.004209488925652882,7.502524709217159e-06,0.999788380645956
352,0.004025161092703348,7.173999288263392e-06,0.9997955546452443
353,0.0038802034616718657,6.915642934841081e-06,0.9998024702881791
354,0.0037773184195424615,6.732272082840329e-06,0.999809202560262
355,0.0036815649677814574,6.561611784044473e-06,0.999815764172046
356,0.003659194626997899,6.521741377577915e-06,0.9998222859134236
357,0.003488168092840459,6.216922711675627e-06,0.9998285028361352
358,0.00338233585676689,6.028299109096483e-06,0.9998345311352443
359,0.0033433565625669162,5.958826751988954e-06,0.9998404899619964
360,0.0032651461011103202,5.819433127261367e-06,0.9998463093951236
361,0.0030639301225117766,5.460808154494455e-06,0.9998517702032781
362,0.0029984147863684244,5.344040908653101e-06,0.9998571142441868
363,0.0029877248074709583,5.324988279643794e-06,0.9998624392324664
364,0.002837496988600444,5.05723892978346e-06,0.9998674964713962
365,0.0028111979309119652,5.010366415418468e-06,0.9998725068378116
366,0.0026483673430598336,4.720155292321738e-06,0.9998772269931039
367,0.002606214837826044,4.645027356922107e-06,0.9998818720204609
368,0.0025211907982347426,4.4934899686126076e-06,0.9998863655104294
369,0.002453485698136875,4.372819931134011e-06,0.9998907383303606
370,0.002319970882986925,4.134857979600025e-06,0.9998948731883401
371,0.0023040179579887536,4.106425261021366e-06,0.9998989796136012
372,0.0022492942774266847,4.008891861397907e-06,0.9999029885054626
373,0.002207766861717722,3.934878016019253e-06,0.9999069233834785
374,0.0021531134305584876,3.837469821115389e-06,0.9999107608532997
375,0.0021028014707067974,3.7477993816337353e-06,0.9999145086526813
376,0.0020274608343756368,3.6135206139101673e-06,0.9999181221732952
377,0.0019682653599387167,3.5080171864203456e-06,0.9999216301904816
378,0.00195182792141222,3.47872092483625e-06,0.9999251089114065
379,0.0018416411040665906,3.28233620109277e-06,0.9999283912476076
380,0.0017678709635040532,3.1508565102922956e-06,0.9999315421041178
381,0.0017284828719775337,3.0806555583131226e-06,0.9999346227596762
382,0.0016667943613034232,2.9707088204117897e-06,0.9999375934684965
383,0.0015114182680695367,2.6937837591282366e-06,0.9999402872522557
384,0.001463931572131425,2.6091487557045117e-06,0.9999428964010114
385,0.0014474565788121496,2.5797855606361505e-06,0.999945476186572
386,0.001411060811360281,2.5149177941587236e-06,0.9999479911043662
387,0.001285577951443147,2.2912711059884918e-06,0.9999502823754721
388,0.0012450956024589478,2.2191198712649085e-06,0.9999525014953434
389,0.0011989234067325636,2.136827686765983e-06,0.9999546383230302
390,0.001156508388735944,2.0612318778253114e-06,0.9999566995549081
391,0.0011495232957260625,2.048782425212798e-06,0.9999587483373333
392,0.0011270116391475114,2.008660153196179e-06,0.9999607569974865
393,0.0010918957157320115,1.9460734383324726e-06,0.9999627030709248
394,0.001051347956608927,1.8738056238549363e-06,0.9999645768765487
395,0.0009206597908263906,1.6408815776576474e-06,0.9999662177581263
396,0.0008870943764765486,1.5810583176414105e-06,0.9999677988164439
397,0.0008529920638394065,1.5202781498537202e-06,0.9999693190945937
398,0.0008220301234526971,1.4650950321643042e-06,0.9999707841896259
399,0.000761931871062776,1.3579825936950143e-06,0.9999721421722196
400,0.0007412343278542871,1.3210935955091611e-06,0.9999734632658152
401,0.0007324812823418717,1.3054931410602605e-06,0.9999747687589562
402,0.0006981838121764446,1.244365146207573e-06,0.9999760131241024
403,0.0006603896634246097,1.177005060486361e-06,0.999977190129163
404,0.000633009707096644,1.1282060726481901e-06,0.9999783183352356
405,0.0006042504811717154,1.0769488281392811e-06,0.9999793952840638
406,0.0005681315634184025,1.0125744877619908e-06,0.9999804078585516
407,0.0005423767538346677,9.666719806653164e-07,0.9999813745305323
408,0.0005196503034309446,9.261668840328825e-07,0.9999823006974163
409,0.0005022046358797679,8.950736672117476e-07,0.9999831957710835
410,0.00048527088135930606,8.64892827220613e-07,0.9999840606639108
411,0.0004583671870484026,8.169426758122749e-07,0.9999848776065866
412,0.0004398006070888625,7.83851669428287e-07,0.9999856614582561
413,0.0004214310610382991,7.511118343614733e-07,0.9999864125700905
414,0.00040601761883604436,7.236406298948714e-07,0.9999871362107203
415,0.0003982434438422765,7.097848053483144e-07,0.9999878459955257
416,0.0003827010262983352,6.820837295826132e-07,0.9999885280792553
417,0.0003783495546490746,6.743281506639748e-07,0.999989202407406
418,0.0003589777424008552,6.398019878395792e-07,0.9999898422093938
419,0.0003469950919515696,6.184454448802141e-07,0.9999904606548387
420,0.00033585721459354476,5.985945314884295e-07,0.9999910592493702
421,0.0003259671520259487,5.809675843460077e-07,0.9999916402169545
422,0.00031725588238943996,5.654415865702983e-07,0.9999922056585411
423,0.0003037403255125835,5.413529617471036e-07,0.9999927470115029
424,0.0002951023503704127,5.259575959232848e-07,0.9999932729690988
425,0.00027396703362241455,4.882883588877237e-07,0.9999937612574576
426,0.00026951941606231575,4.803614201948956e-07,0.9999942416188778
427,0.0002603007340816267,4.6393106711211434e-07,0.999994705549945
428,0.00023852439216038635,4.2511933812885596e-07,0.9999951306692831
429,0.00023008413761454525,4.1007636749734776e-07,0.9999955407456507
430,0.00021601967037347073,3.8500942591327623e-07,0.9999959257550766
431,0.0002074602190239712,3.6975401216088055e-07,0.9999962955090888
432,0.0002019132502321645,3.5986771214755247e-07,0.9999966553768009
433,0.0002001158606271351,3.5666424489487846e-07,0.9999970120410459
434,0.0001961642115617734,3.496212652651285e-07,0.9999973616623111
435,0.00017369288858850847,3.09570879379015e-07,0.9999976712331905
436,0.0001673339901200713,2.9823748624615306e-07,0.9999979694706768
437,0.00015362574647999027,2.7380543797470506e-07,0.9999982432761148
438,0.00014818392675394312,2.6410654395719864e-07,0.9999985073826587
439,0.00014419850804909618,2.570033770792735e-07,0.9999987643860357
440,0.0001282214906874772,2.2852771895254573e-07,0.9999989929137547
441,0.00011610808413908405,2.069381308701832e-07,0.9999991998518856
442,0.00011387649290153615,2.0296079093740765e-07,0.9999994028126765
443,8.153493900281937e-05,1.4531880362134227e-07,0.9999995481314802
444,4.026271954376658e-05,7.175979164514341e-08,0.9999996198912718
445,2.5728346260043135e-05,4.585534181286161e-08,0.9999996657466137
446,2.3070380506761822e-05,4.111807938208964e-08,0.9999997068646931
447,1.953158306080692e-05,3.481092054449432e-08,0.9999997416756137
448,1.89072666630227e-05,3.369820845913847e-08,0.9999997753738221
449,1.5221744782856636e-05,2.7129544314709628e-08,0.9999998025033664
450,1.4823106085707056e-05,2.6419055053842646e-08,0.9999998289224215
451,1.2706667481452297e-05,2.264695036265388e-08,0.9999998515693718
452,1.2083741376304825e-05,2.153671618020845e-08,0.999999873106088
453,1.149749840022321e-05,2.0491861925609088e-08,0.9999998935979498
454,9.756494432009205e-06,1.7388890158473524e-08,0.9999999109868399
455,9.252365029903704e-06,1.6490386002092408e-08,0.999999927477226
456,6.494851639793916e-06,1.1575700939205077e-08,0.999999939052927
457,6.395981571152793e-06,1.1399485929239949e-08,0.9999999504524129
458,5.718456323214396e-06,1.0191940309438153e-08,0.9999999606443531
459,5.177993919185183e-06,9.228680252873641e-09,0.9999999698730334
460,4.0660492315447465e-06,7.2468737576798705e-09,0.9999999771199072
461,3.7689678537709944e-06,6.717388963501403e-09,0.9999999838372962
462,3.3756102642451587e-06,6.01631216128177e-09,0.9999999898536083
463,3.097352112222085e-06,5.5203757903907535e-09,0.9999999953739841
464,2.3181368555550025e-06,4.131589213161057e-09,0.9999999995055733
465,1.3565643071827113e-07,2.4177892884471283e-10,0.9999999997473522
466,8.13155301634008e-08,1.4492775371760526e-10,0.99999999989228
467,5.75916099629993e-08,1.0264487789903957e-10,0.9999999999949248
468,2.0856157222928703e-09,3.7171694157639764e-12,0.999999999998642
469,6.057560163411301e-10,1.0796321265179262e-12,0.9999999999997216
470,1.5688256842680469e-10,2.7961003505550295e-13,1.000000000000001
471,4.847591160744037e-15,8.639807137163107e-18,1.000000000000001
472,3.5241534641098833e-15,6.281059033658547e-18,1.000000000000001
473,3.1984774404085206e-15,5.7006103240470586e-18,1.000000000000001
474,2.9445106011250526e-15,5.2479680863078345e-18,1.000000000000001
475,2.8119554254252707e-15,5.011716489359402e-18,1.000000000000001
476,2.7111314002623705e-15,4.832018964688976e-18,1.000000000000001
477,2.5995408494185234e-15,4.633132382539038e-18,1.000000000000001
478,2.4225994289805938e-15,4.3177716814264545e-18,1.000000000000001
479,2.4202679669573632e-15,4.313616342917e-18,1.000000000000001
480,2.3102495573844588e-15,4.11753177045041e-18,1.000000000000001
481,2.200432886319607e-15,3.921806754254949e-18,1.000000000000001
482,2.1866178616253607e-15,3.897184391313122e-18,1.000000000000001
483,2.072680029796707e-15,3.694114276696649e-18,1.000000000000001
484,1.9874998129316687e-15,3.542298535390878e-18,1.000000000000001
485,1.7898878413281065e-15,3.1900969437064675e-18,1.000000000000001
486,1.7763518136729402e-15,3.165971834045612e-18,1.000000000000001
487,1.6608827675080675e-15,2.9601726533606715e-18,1.000000000000001
488,1.5937032628333297e-15,2.8404393786859986e-18,1.000000000000001
489,1.5307503323029098e-15,2.7282390795133733e-18,1.000000000000001
490,1.4979906552681423e-15,2.6698518760404014e-18,1.000000000000001
491,1.4554666163834983e-15,2.594061760398686e-18,1.000000000000001
492,1.4411128789056617e-15,2.5684792557291e-18,1.000000000000001
493,1.302327403848213e-15,2.3211234663947793e-18,1.000000000000001
494,1.1301573577198347e-15,2.0142667319837545e-18,1.000000000000001
495,1.0865050475000312e-15,1.936465711046826e-18,1.000000000000001
496,1.055890804421909e-15,1.881902290355092e-18,1.000000000000001
497,1.0328831267755346e-15,1.8408959655749752e-18,1.000000000000001
498,1.0163155847378017e-15,1.811367821967897e-18,1.000000000000001
499,9.967835774786155e-16,1.776556145379408e-18,1.000000000000001
500,9.770852002233243e-16,1.7414479494203506e-18,1.000000000000001
501,8.807587696774603e-16,1.569766436988542e-18,1.000000000000001
502,8.108671885371946e-16,1.4451994589699999e-18,1.000000000000001
503,7.989262286057438e-16,1.4239172205510956e-18,1.000000000000001
504,7.155020201072836e-16,1.2752311931827004e-18,1.000000000000001
505,6.9697755310064065e-16,1.2422152442404278e-18,1.000000000000001
506,5.350421614228447e-16,9.535996192044287e-19,1.000000000000001
507,4.767293738321315e-16,8.496693945406822e-19,1.000000000000001
508,3.9414450893298837e-16,7.024793198175174e-19,1.000000000000001
509,3.8936186214324573e-16,6.939552623014528e-19,1.000000000000001
510,3.7840062239331325e-16,6.744191681294585e-19,1.000000000000001
511,3.580921188577054e-16,6.38223550971613e-19,1.000000000000001
512,3.2999657736484916e-16,5.881491837522486e-19,1.000000000000001
513,3.1834427573801663e-16,5.673814177790899e-19,1.000000000000001
514,2.4168527139706024e-16,4.3075293759777943e-19,1.000000000000001
515,1.3702079796956522e-16,2.4421062523258087e-19,1.000000000000001
516,1.295952532895305e-16,2.30976160568271e-19,1.000000000000001
517,6.006458726929804e-17,1.0705243750390586e-19,1.000000000000001
518,4.1357095532263886e-17,7.371028564569515e-20,1.000000000000001
519,4.043800326993613e-17,7.207219785642872e-20,1.000000000000001
520,1.8473269369474172e-17,3.292469997008212e-20,1.000000000000001
521,0.0,0.0,1.000000000000001
522,0.0,0.0,1.000000000000001
523,0.0,0.0,1.000000000000001
524,0.0,0.0,1.000000000000001
525,0.0,0.0,1.000000000000001
526,0.0,0.0,1.000000000000001
527,0.0,0.0,1.000000000000001
528,0.0,0.0,1.000000000000001
529,0.0,0.0,1.000000000000001
530,0.0,0.0,1.000000000000001
531,0.0,0.0,1.000000000000001
532,0.0,0.0,1.000000000000001
533,0.0,0.0,1.000000000000001
534,0.0,0.0,1.000000000000001
535,0.0,0.0,1.000000000000001
536,0.0,0.0,1.000000000000001
537,0.0,0.0,1.000000000000001
538,0.0,0.0,1.000000000000001
539,0.0,0.0,1.000000000000001
540,0.0,0.0,1.000000000000001
541,0.0,0.0,1.000000000000001
542,0.0,0.0,1.000000000000001
543,0.0,0.0,1.000000000000001
544,0.0,0.0,1.000000000000001
545,0.0,0.0,1.000000000000001
546,0.0,0.0,1.000000000000001
547,0.0,0.0,1.000000000000001
548,0.0,0.0,1.000000000000001
549,0.0,0.0,1.000000000000001
550,0.0,0.0,1.000000000000001
551,0.0,0.0,1.000000000000001
552,0.0,0.0,1.000000000000001
553,0.0,0.0,1.000000000000001
554,0.0,0.0,1.000000000000001
555,0.0,0.0,1.000000000000001
556,0.0,0.0,1.000000000000001
557,0.0,0.0,1.000000000000001
558,0.0,0.0,1.000000000000001
559,0.0,0.0,1.000000000000001
560,0.0,0.0,1.000000000000001
561,0.0,0.0,1.000000000000001
