threshold,accuracy,precision,recall,f1,specificity,balanced_accuracy,roc_auc,pr_auc_average_precision,tn,fp,fn,tp
0.05,0.9373333333333334,0.34532374100719426,0.9411764705882353,0.5052631578947369,0.9371980676328503,0.9391872691105427,0.9769550332210201,0.7507411094275329,1358,91,3,48
0.06,0.948,0.3902439024390244,0.9411764705882353,0.5517241379310345,0.94824016563147,0.9447083181098526,0.9769550332210201,0.7507411094275329,1374,75,3,48
0.07,0.95,0.3983050847457627,0.9215686274509803,0.5562130177514792,0.9510006901311249,0.9362846587910526,0.9769550332210201,0.7507411094275329,1378,71,4,47
0.08,0.9513333333333334,0.4017857142857143,0.8823529411764706,0.5521472392638037,0.9537612146307799,0.9180570779036252,0.9769550332210201,0.7507411094275329,1382,67,6,45
0.09,0.9553333333333334,0.4230769230769231,0.8627450980392157,0.567741935483871,0.9585921325051759,0.9106686152721959,0.9769550332210201,0.7507411094275329,1389,60,7,44
0.09999999999999999,0.9566666666666667,0.43137254901960786,0.8627450980392157,0.5751633986928105,0.9599723947550034,0.9113587463971096,0.9769550332210201,0.7507411094275329,1391,58,7,44
0.10999999999999999,0.9566666666666667,0.43,0.8431372549019608,0.5695364238410596,0.9606625258799172,0.901899890390939,0.9769550332210201,0.7507411094275329,1392,57,8,43
0.12,0.958,0.4375,0.8235294117647058,0.5714285714285714,0.9627329192546584,0.8931311655096821,0.9769550332210201,0.7507411094275329,1395,54,9,42
0.13,0.9593333333333334,0.44680851063829785,0.8235294117647058,0.5793103448275861,0.9641131815044859,0.8938212966345959,0.9769550332210201,0.7507411094275329,1397,52,9,42
0.13999999999999999,0.962,0.4666666666666667,0.8235294117647058,0.5957446808510638,0.9668737060041408,0.8952015588844233,0.9769550332210201,0.7507411094275329,1401,48,9,42
0.14999999999999997,0.962,0.4666666666666667,0.8235294117647058,0.5957446808510638,0.9668737060041408,0.8952015588844233,0.9769550332210201,0.7507411094275329,1401,48,9,42
0.15999999999999998,0.9633333333333334,0.4772727272727273,0.8235294117647058,0.60431654676259,0.9682539682539683,0.895891690009337,0.9769550332210201,0.7507411094275329,1403,46,9,42
0.16999999999999998,0.9633333333333334,0.47674418604651164,0.803921568627451,0.5985401459854015,0.968944099378882,0.8864328340031665,0.9769550332210201,0.7507411094275329,1404,45,10,41
0.18,0.9646666666666667,0.4878048780487805,0.7843137254901961,0.6015037593984963,0.9710144927536232,0.8776641091219096,0.9769550332210201,0.7507411094275329,1407,42,11,40
0.19,0.966,0.5,0.7843137254901961,0.6106870229007634,0.9723947550034506,0.8783542402468234,0.9769550332210201,0.7507411094275329,1409,40,11,40
0.19999999999999996,0.966,0.5,0.7450980392156863,0.5984251968503937,0.9737750172532781,0.8594365282344822,0.9769550332210201,0.7507411094275329,1411,38,13,38
0.20999999999999996,0.968,0.5205479452054794,0.7450980392156863,0.6129032258064517,0.9758454106280193,0.8604717249218528,0.9769550332210201,0.7507411094275329,1414,35,13,38
0.21999999999999997,0.97,0.5441176470588235,0.7254901960784313,0.6218487394957983,0.9786059351276742,0.8520480656030528,0.9769550332210201,0.7507411094275329,1418,31,14,37
0.22999999999999998,0.9713333333333334,0.5606060606060606,0.7254901960784313,0.6324786324786323,0.9799861973775017,0.8527381967279666,0.9769550332210201,0.7507411094275329,1420,29,14,37
0.24,0.9733333333333334,0.5873015873015873,0.7254901960784313,0.6491228070175439,0.9820565907522429,0.8537733934153371,0.9769550332210201,0.7507411094275329,1423,26,14,37
0.24999999999999994,0.9733333333333334,0.5901639344262295,0.7058823529411765,0.6428571428571429,0.9827467218771566,0.8443145374091665,0.9769550332210201,0.7507411094275329,1424,25,15,36
0.25999999999999995,0.974,0.6,0.7058823529411765,0.6486486486486486,0.9834368530020704,0.8446596029716235,0.9769550332210201,0.7507411094275329,1425,24,15,36
0.26999999999999996,0.9746666666666667,0.6101694915254238,0.7058823529411765,0.6545454545454547,0.9841269841269841,0.8450046685340803,0.9769550332210201,0.7507411094275329,1426,23,15,36
0.27999999999999997,0.976,0.631578947368421,0.7058823529411765,0.6666666666666667,0.9855072463768116,0.8456947996589941,0.9769550332210201,0.7507411094275329,1428,21,15,36
0.29,0.976,0.631578947368421,0.7058823529411765,0.6666666666666667,0.9855072463768116,0.8456947996589941,0.9769550332210201,0.7507411094275329,1428,21,15,36
0.3,0.9773333333333334,0.6545454545454545,0.7058823529411765,0.679245283018868,0.9868875086266391,0.8463849307839078,0.9769550332210201,0.7507411094275329,1430,19,15,36
0.30999999999999994,0.9766666666666667,0.6538461538461539,0.6666666666666666,0.6601941747572816,0.9875776397515528,0.8271221532091098,0.9769550332210201,0.7507411094275329,1431,18,17,34
0.31999999999999995,0.9773333333333334,0.6666666666666666,0.6666666666666666,0.6666666666666666,0.9882677708764666,0.8274672187715666,0.9769550332210201,0.7507411094275329,1432,17,17,34
0.32999999999999996,0.9773333333333334,0.6666666666666666,0.6666666666666666,0.6666666666666666,0.9882677708764666,0.8274672187715666,0.9769550332210201,0.7507411094275329,1432,17,17,34
0.33999999999999997,0.9773333333333334,0.6666666666666666,0.6666666666666666,0.6666666666666666,0.9882677708764666,0.8274672187715666,0.9769550332210201,0.7507411094275329,1432,17,17,34
0.3499999999999999,0.9766666666666667,0.66,0.6470588235294118,0.6534653465346535,0.9882677708764666,0.8176632972029392,0.9769550332210201,0.7507411094275329,1432,17,18,33
0.35999999999999993,0.9786666666666667,0.7021276595744681,0.6470588235294118,0.673469387755102,0.9903381642512077,0.8186984938903097,0.9769550332210201,0.7507411094275329,1435,14,18,33
0.36999999999999994,0.9793333333333333,0.717391304347826,0.6470588235294118,0.6804123711340206,0.9910282953761215,0.8190435594527666,0.9769550332210201,0.7507411094275329,1436,13,18,33
0.37999999999999995,0.978,0.7045454545454546,0.6078431372549019,0.6526315789473683,0.9910282953761215,0.7994357163155117,0.9769550332210201,0.7507411094275329,1436,13,20,31
0.38999999999999996,0.9793333333333333,0.7380952380952381,0.6078431372549019,0.6666666666666666,0.9924085576259489,0.8001258474404254,0.9769550332210201,0.7507411094275329,1438,11,20,31
0.3999999999999999,0.9793333333333333,0.7380952380952381,0.6078431372549019,0.6666666666666666,0.9924085576259489,0.8001258474404254,0.9769550332210201,0.7507411094275329,1438,11,20,31
0.4099999999999999,0.9786666666666667,0.7317073170731707,0.5882352941176471,0.6521739130434783,0.9924085576259489,0.790321925871798,0.9769550332210201,0.7507411094275329,1438,11,21,30
0.41999999999999993,0.978,0.725,0.5686274509803921,0.6373626373626374,0.9924085576259489,0.7805180043031705,0.9769550332210201,0.7507411094275329,1438,11,22,29
0.42999999999999994,0.9786666666666667,0.7435897435897436,0.5686274509803921,0.6444444444444445,0.9930986887508627,0.7808630698656274,0.9769550332210201,0.7507411094275329,1439,10,22,29
0.43999999999999995,0.978,0.7368421052631579,0.5490196078431373,0.6292134831460675,0.9930986887508627,0.771059148297,0.9769550332210201,0.7507411094275329,1439,10,23,28
0.4499999999999999,0.9793333333333333,0.7777777777777778,0.5490196078431373,0.6436781609195402,0.9944789510006902,0.7717492794219137,0.9769550332210201,0.7507411094275329,1441,8,23,28
0.4599999999999999,0.9793333333333333,0.7941176470588235,0.5294117647058824,0.6352941176470589,0.9951690821256038,0.762290423415743,0.9769550332210201,0.7507411094275329,1442,7,24,27
0.4699999999999999,0.9793333333333333,0.7941176470588235,0.5294117647058824,0.6352941176470589,0.9951690821256038,0.762290423415743,0.9769550332210201,0.7507411094275329,1442,7,24,27
0.4799999999999999,0.9806666666666667,0.84375,0.5294117647058824,0.6506024096385543,0.9965493443754313,0.7629805545406568,0.9769550332210201,0.7507411094275329,1444,5,24,27
0.48999999999999994,0.98,0.8387096774193549,0.5098039215686274,0.6341463414634145,0.9965493443754313,0.7531766329720293,0.9769550332210201,0.7507411094275329,1444,5,25,26
0.49999999999999994,0.98,0.8387096774193549,0.5098039215686274,0.6341463414634145,0.9965493443754313,0.7531766329720293,0.9769550332210201,0.7507411094275329,1444,5,25,26
0.5099999999999999,0.98,0.8387096774193549,0.5098039215686274,0.6341463414634145,0.9965493443754313,0.7531766329720293,0.9769550332210201,0.7507411094275329,1444,5,25,26
0.5199999999999999,0.9793333333333333,0.8333333333333334,0.49019607843137253,0.6172839506172839,0.9965493443754313,0.7433727114034019,0.9769550332210201,0.7507411094275329,1444,5,26,25
0.5299999999999999,0.9786666666666667,0.8275862068965517,0.47058823529411764,0.6,0.9965493443754313,0.7335687898347745,0.9769550332210201,0.7507411094275329,1444,5,27,24
0.5399999999999999,0.9786666666666667,0.8518518518518519,0.45098039215686275,0.5897435897435898,0.9972394755003451,0.7241099338286039,0.9769550332210201,0.7507411094275329,1445,4,28,23
0.5499999999999999,0.978,0.8461538461538461,0.43137254901960786,0.5714285714285715,0.9972394755003451,0.7143060122599765,0.9769550332210201,0.7507411094275329,1445,4,29,22
0.5599999999999999,0.978,0.8461538461538461,0.43137254901960786,0.5714285714285715,0.9972394755003451,0.7143060122599765,0.9769550332210201,0.7507411094275329,1445,4,29,22
0.57,0.978,0.8461538461538461,0.43137254901960786,0.5714285714285715,0.9972394755003451,0.7143060122599765,0.9769550332210201,0.7507411094275329,1445,4,29,22
0.58,0.9786666666666667,0.88,0.43137254901960786,0.5789473684210527,0.9979296066252588,0.7146510778224333,0.9769550332210201,0.7507411094275329,1446,3,29,22
0.59,0.9786666666666667,0.88,0.43137254901960786,0.5789473684210527,0.9979296066252588,0.7146510778224333,0.9769550332210201,0.7507411094275329,1446,3,29,22
0.6,0.9786666666666667,0.88,0.43137254901960786,0.5789473684210527,0.9979296066252588,0.7146510778224333,0.9769550332210201,0.7507411094275329,1446,3,29,22
0.61,0.978,0.875,0.4117647058823529,0.56,0.9979296066252588,0.7048471562538059,0.9769550332210201,0.7507411094275329,1446,3,30,21
0.62,0.978,0.875,0.4117647058823529,0.56,0.9979296066252588,0.7048471562538059,0.9769550332210201,0.7507411094275329,1446,3,30,21
0.63,0.978,0.875,0.4117647058823529,0.56,0.9979296066252588,0.7048471562538059,0.9769550332210201,0.7507411094275329,1446,3,30,21
0.6399999999999999,0.978,0.875,0.4117647058823529,0.56,0.9979296066252588,0.7048471562538059,0.9769550332210201,0.7507411094275329,1446,3,30,21
0.6499999999999999,0.9773333333333334,0.9047619047619048,0.37254901960784315,0.5277777777777779,0.9986197377501725,0.6855843786790079,0.9769550332210201,0.7507411094275329,1447,2,32,19
0.6599999999999999,0.9766666666666667,0.9444444444444444,0.3333333333333333,0.49275362318840576,0.9993098688750862,0.6663216011042098,0.9769550332210201,0.7507411094275329,1448,1,34,17
0.6699999999999999,0.9766666666666667,0.9444444444444444,0.3333333333333333,0.49275362318840576,0.9993098688750862,0.6663216011042098,0.9769550332210201,0.7507411094275329,1448,1,34,17
0.6799999999999999,0.9766666666666667,0.9444444444444444,0.3333333333333333,0.49275362318840576,0.9993098688750862,0.6663216011042098,0.9769550332210201,0.7507411094275329,1448,1,34,17
0.69,0.9766666666666667,0.9444444444444444,0.3333333333333333,0.49275362318840576,0.9993098688750862,0.6663216011042098,0.9769550332210201,0.7507411094275329,1448,1,34,17
0.7,0.9766666666666667,0.9444444444444444,0.3333333333333333,0.49275362318840576,0.9993098688750862,0.6663216011042098,0.9769550332210201,0.7507411094275329,1448,1,34,17
0.71,0.9766666666666667,0.9444444444444444,0.3333333333333333,0.49275362318840576,0.9993098688750862,0.6663216011042098,0.9769550332210201,0.7507411094275329,1448,1,34,17
0.72,0.9766666666666667,0.9444444444444444,0.3333333333333333,0.49275362318840576,0.9993098688750862,0.6663216011042098,0.9769550332210201,0.7507411094275329,1448,1,34,17
0.73,0.976,1.0,0.29411764705882354,0.45454545454545453,1.0,0.6470588235294118,0.9769550332210201,0.7507411094275329,1449,0,36,15
0.74,0.9753333333333334,1.0,0.27450980392156865,0.43076923076923085,1.0,0.6372549019607843,0.9769550332210201,0.7507411094275329,1449,0,37,14
0.7499999999999999,0.9753333333333334,1.0,0.27450980392156865,0.43076923076923085,1.0,0.6372549019607843,0.9769550332210201,0.7507411094275329,1449,0,37,14
0.7599999999999999,0.9746666666666667,1.0,0.2549019607843137,0.40625,1.0,0.6274509803921569,0.9769550332210201,0.7507411094275329,1449,0,38,13
0.7699999999999999,0.974,1.0,0.23529411764705882,0.38095238095238093,1.0,0.6176470588235294,0.9769550332210201,0.7507411094275329,1449,0,39,12
0.7799999999999999,0.974,1.0,0.23529411764705882,0.38095238095238093,1.0,0.6176470588235294,0.9769550332210201,0.7507411094275329,1449,0,39,12
0.7899999999999999,0.9726666666666667,1.0,0.19607843137254902,0.3278688524590164,1.0,0.5980392156862745,0.9769550332210201,0.7507411094275329,1449,0,41,10
0.7999999999999999,0.972,1.0,0.17647058823529413,0.3,1.0,0.5882352941176471,0.9769550332210201,0.7507411094275329,1449,0,42,9
0.8099999999999999,0.972,1.0,0.17647058823529413,0.3,1.0,0.5882352941176471,0.9769550332210201,0.7507411094275329,1449,0,42,9
0.82,0.972,1.0,0.17647058823529413,0.3,1.0,0.5882352941176471,0.9769550332210201,0.7507411094275329,1449,0,42,9
0.83,0.972,1.0,0.17647058823529413,0.3,1.0,0.5882352941176471,0.9769550332210201,0.7507411094275329,1449,0,42,9
0.84,0.972,1.0,0.17647058823529413,0.3,1.0,0.5882352941176471,0.9769550332210201,0.7507411094275329,1449,0,42,9
0.8499999999999999,0.972,1.0,0.17647058823529413,0.3,1.0,0.5882352941176471,0.9769550332210201,0.7507411094275329,1449,0,42,9
0.8599999999999999,0.972,1.0,0.17647058823529413,0.3,1.0,0.5882352941176471,0.9769550332210201,0.7507411094275329,1449,0,42,9
0.8699999999999999,0.9706666666666667,1.0,0.13725490196078433,0.24137931034482762,1.0,0.5686274509803921,0.9769550332210201,0.7507411094275329,1449,0,44,7
0.8799999999999999,0.9706666666666667,1.0,0.13725490196078433,0.24137931034482762,1.0,0.5686274509803921,0.9769550332210201,0.7507411094275329,1449,0,44,7
0.8899999999999999,0.9693333333333334,1.0,0.09803921568627451,0.17857142857142855,1.0,0.5490196078431373,0.9769550332210201,0.7507411094275329,1449,0,46,5
0.8999999999999999,0.9686666666666667,1.0,0.0784313725490196,0.14545454545454545,1.0,0.5392156862745098,0.9769550332210201,0.7507411094275329,1449,0,47,4
0.9099999999999999,0.9686666666666667,1.0,0.0784313725490196,0.14545454545454545,1.0,0.5392156862745098,0.9769550332210201,0.7507411094275329,1449,0,47,4
0.9199999999999999,0.9686666666666667,1.0,0.0784313725490196,0.14545454545454545,1.0,0.5392156862745098,0.9769550332210201,0.7507411094275329,1449,0,47,4
0.9299999999999999,0.9673333333333334,1.0,0.0392156862745098,0.07547169811320754,1.0,0.5196078431372549,0.9769550332210201,0.7507411094275329,1449,0,49,2
0.94,0.9666666666666667,1.0,0.0196078431372549,0.038461538461538464,1.0,0.5098039215686274,0.9769550332210201,0.7507411094275329,1449,0,50,1
0.95,0.9666666666666667,1.0,0.0196078431372549,0.038461538461538464,1.0,0.5098039215686274,0.9769550332210201,0.7507411094275329,1449,0,50,1
