Iteration,KL,Gradient Norm
1,4.8065001533640395,8.933938685083842e-05
2,4.806500174060874,0.0001409043766822071
3,4.806500179421965,0.00015160662442928414
4,4.806500201132778,0.0002039131518212172
5,4.8065002160303205,0.00023448148727407963
6,4.80650018163333,0.0001590824756273033
7,4.8065001604846005,7.890150380846115e-05
8,4.806500166638589,0.00011024410392987357
9,4.806500163292231,9.622245002205123e-05
10,4.8065001546601245,4.1537878753036516e-05
11,4.8065001565000935,6.08513407871379e-05
12,4.806500155179927,5.302032317401429e-05
13,4.8065001519323935,1.8711702002847194e-05
14,4.806500152502689,3.729872154500357e-05
15,4.806500151162305,3.0452347411810958e-05
16,4.806500149019161,9.946198168311782e-06
17,4.806500147727526,2.4253403221112552e-05
18,4.806500144263534,1.6098634232572108e-05
19,4.8065001386457595,8.325847219456216e-06
20,4.806500128968019,1.702801041882618e-05
21,4.806500109796193,1.4195160734847816e-05
22,4.80650007234758,1.8380833037487746e-05
23,4.806499998312688,3.363208326743387e-05
24,4.80649985194427,5.6977667582426554e-05
25,4.806499574429001,9.799168611712478e-05
26,4.806499096992254,0.00017090680216801926
27,4.806498283612612,0.00030781410886321234
28,4.806497118032176,0.0005712847861354549
29,4.806495333524765,0.0009153656419589309
30,4.8064913125271875,0.0009297678788311567
31,4.806483734541845,0.0004548132174626553
32,4.80647233039321,0.0005828922583899096
33,4.8064521507128255,0.0005763691254919518
34,4.806415930051298,0.0007886593612113355
35,4.806349792166994,0.0010830758562581655
36,4.806225243523649,0.0015691239336341253
37,4.805988334813666,0.002177722572529276
38,4.805533711863482,0.00297322645455206
39,4.80469490376653,0.004392096418820078
40,4.8031912025331165,0.006348251343179517
41,4.800514483030584,0.008655699092450148
42,4.795942715268199,0.010959959218745175
43,4.788335959924472,0.013589731610489547
44,4.77596579746427,0.015855354076766474
45,4.757101318930612,0.018612413535283454
46,4.729892771435705,0.023080986846829004
47,4.69386492899821,0.026645248592932304
48,4.649282154478306,0.029865446532461835
49,4.59940700422038,0.03390813372097522
50,4.545756811493574,0.037411339402405056
51,4.488889350604774,0.03855102673485221
52,4.432644630741676,0.0400586957688561
53,4.377759711429348,0.03969845229395711
54,4.32423402723992,0.03619626477114535
55,4.273712667115877,0.031074683581005496
56,4.226920506384207,0.0289908890827965
57,4.182450491541661,0.027042303370607125
58,4.1400788197351694,0.0239233220308435
59,4.099503442124125,0.023278511747088667
60,4.061083489185953,0.023814792911801004
61,4.024049837123128,0.02394486664185726
62,3.9893507103036376,0.022420855859882856
63,3.956938747277654,0.021578885979242252
64,3.9262758721515616,0.020082272065387128
65,3.897714398569213,0.018590334157260798
66,3.871308658110533,0.017364695852008706
67,3.846765039884719,0.01677365249500998
68,3.823893652515572,0.016912283780129482
69,3.8023810655968013,0.016202993890849865
70,3.7824035300110572,0.015460718095188354
71,3.763510419391853,0.01443196780530252
72,3.745890843966201,0.014221452823591399
73,3.7290153771344516,0.014470562877791263
74,3.7128256811556586,0.01405390025215754
75,3.6970887423195027,0.013316618162946055
76,3.6818215582038953,0.01176573584657046
77,3.667070086073581,0.011520115878860163
78,3.652512366346932,0.011946947164141073
79,3.6383074033328056,0.012658731838558951
80,3.6245688074177145,0.014184295872432523
81,3.6112419271375353,0.014512643444435652
82,3.5985343627930195,0.014261488226426134
83,3.586440172718526,0.015400756738242144
84,3.5746485190673716,0.013727909459891961
85,3.5634735906928254,0.01217840566625238
86,3.5528333613136294,0.012472990588124375
87,3.5426084831008517,0.012295744131174971
88,3.532904053668852,0.012843476594867285
89,3.523449471148789,0.012002081007249811
90,3.514281826415669,0.009620391508283215
91,3.5056221096045594,0.009829205742269819
92,3.497238071886838,0.009621647542976154
93,3.489189769830457,0.0090779774905627
94,3.481366974563416,0.008407168965868269
95,3.4738453564836256,0.008398085768195703
96,3.4666592256798796,0.009309316398439673
97,3.4595926193861066,0.009171789461221727
98,3.452646864550646,0.007872300819140936
99,3.446015291945027,0.007832895695127557
100,3.439635587223331,0.007918471902510445
101,3.433444889189184,0.008069943956191178
102,3.427430733686845,0.007231829741064943
103,3.4215748472581087,0.0068350024555758095
104,3.415937572427703,0.006849828421673109
105,3.4104136204834354,0.006429992048145099
106,3.405057427228106,0.006332564892130558
107,3.39984731514442,0.006793365487206577
108,3.3947581174937858,0.00685817874098575
109,3.3897748369604512,0.006836430102455376
110,3.3849429127097084,0.00804961729165075
111,3.3803692752052124,0.011741249423469085
112,3.375913442508411,0.01399965864429391
113,3.371160187717042,0.008839512241881281
114,3.3667853654311806,0.008277056070768566
115,3.3625570018776667,0.007741252241863643
116,3.358470661134871,0.006235775514365421
117,3.3545251088121093,0.00695145461558021
118,3.3506377780291294,0.005593266797420441
119,3.346912995792171,0.005692651982081306
120,3.343275495434473,0.00594484448980485
121,3.3396735343257227,0.005363412019356484
122,3.336168775135497,0.0056794311507652505
123,3.33274449777221,0.006031980531825375
124,3.3293700055594857,0.0055708400983304675
125,3.326035846544361,0.005337481326513024
126,3.322774298881991,0.005522785257337373
127,3.3196022222423,0.005538482380930131
128,3.3165073482691114,0.005655439464459151
129,3.3134579939991102,0.006328640969718557
130,3.3104506922601793,0.005761512468132487
131,3.307489544095841,0.0048007276360588
132,3.304609629474837,0.005003200212879487
133,3.301812691944,0.004747865296561586
134,3.299067326439234,0.004312945764802939
135,3.296405432162063,0.004140789002666098
136,3.293799317754975,0.0039182018540063635
137,3.29126172342001,0.003976940719285083
138,3.2887606409253674,0.004032229388135211
139,3.2862699427401463,0.0037231434995553063
140,3.2838651158530316,0.003810367932606759
141,3.281477733260468,0.004077278950289137
142,3.27913343930324,0.004032762209326038
143,3.2768491715664076,0.004499395281770803
144,3.2746438670557643,0.005796443966445311
145,3.2724521946523586,0.006147745357602838
146,3.27027183503512,0.004416150234213363
147,3.26816127122723,0.004128003605130497
148,3.266112797947815,0.003887690872181439
149,3.2640912201930625,0.003760028363667175
150,3.2621047607829112,0.003880400835120271
151,3.2601693281446793,0.003848612094994923
152,3.2582487506204814,0.0038527244797368883
153,3.2563689559334814,0.003185101795681153
154,3.2545122703295957,0.003163264881449987
155,3.2527146938591796,0.0032974851868990346
156,3.2509407428280888,0.0031828359119374905
157,3.2491994208600774,0.0033361052089838964
158,3.247492815566474,0.003424151072476796
159,3.2458182642733275,0.003348591037953289
160,3.244172865853419,0.003245418209139195
161,3.2425576808273293,0.003433538630980928
162,3.2409729473269024,0.0034404801035898217
163,3.2394125413361254,0.0029603332988321295
164,3.237866897109548,0.0027238802062238337
165,3.236375680941791,0.002771616216086958
166,3.2349004839518707,0.0028236432895918746
167,3.233442784855871,0.0028986527784899976
168,3.2320096153994347,0.0028781577295546356
169,3.2305993422045196,0.0028551497960047547
170,3.2292171611307063,0.0026639130374487333
171,3.2278510859467398,0.0026130700807366946
172,3.2265059243242655,0.002668165631965397
173,3.2251760456002696,0.0028062984420443617
174,3.223867658172983,0.002583112334003401
175,3.2225778849808346,0.0025683512452261983
176,3.2213284102564153,0.002871210580891181
177,3.220088639779143,0.002993014308027069
178,3.218872438319016,0.0028796076770749098
179,3.2176780947747634,0.0026150644533911617
180,3.2164960888061116,0.00272695436526216
181,3.215331398428171,0.0026842082590166766
182,3.214178028435709,0.0024205447809818657
183,3.2130480324560704,0.002435489781943055
184,3.211934084322091,0.0024569482466569328
185,3.2108347255845624,0.0024168251889357096
186,3.209769902387293,0.0024689537113955287
187,3.208711889968242,0.0028498984411694395
188,3.207677470411043,0.003227711675490215
189,3.2066580760180603,0.0034355284389907563
190,3.2056658854863382,0.004077432601475214
191,3.204658779736852,0.003329738519633299
192,3.2036744855845423,0.0022527525961219073
193,3.2027198449682146,0.0026437793145271966
194,3.201772450159324,0.0024690850471647124
195,3.2008402019460407,0.002422585617030206
196,3.199922708334686,0.0025846520969212733
197,3.199010260230704,0.0027254393523990675
198,3.1981115815239574,0.0028041381563976174
199,3.1972216802796547,0.0026185418342270965
200,3.1963389730861618,0.0024378900394301218
201,3.195476301729575,0.002500578272191715
202,3.194627649910253,0.0026216157440603063
203,3.1937902275343735,0.002510227928604265
204,3.1929716296788495,0.0022279764417729177
205,3.1921640833401055,0.0020533793862488442
206,3.191376328623446,0.0023546272662477484
207,3.190588350337305,0.002368847917019997
208,3.189826600247387,0.0022126906209839516
209,3.189065328189297,0.002396019456502134
210,3.1883143628977666,0.0025548104488951153
211,3.1875783337193706,0.0029401858644555034
212,3.18685225409447,0.003519247684986708
213,3.1861098692391154,0.002609113723273154
214,3.185377436423459,0.002332302552810929
215,3.184667158676618,0.0027652894267543235
216,3.183953510217679,0.0019341737708707205
217,3.1832467752049993,0.0019467998110047006
218,3.18254702648757,0.0017452538326197047
219,3.1818692108893893,0.0019939155386104425
220,3.1811907887318345,0.0020924806269730233
221,3.1805233042397267,0.0017836084131360602
222,3.179864159795106,0.0015585182479108126
223,3.179216809785683,0.0017342353473679835
224,3.1785688416391062,0.001713024082027659
225,3.1779263051690556,0.0016704959270713463
226,3.1772938921079916,0.001586665815013831
227,3.176659812535455,0.0015487904535829461
228,3.1760352728215855,0.0015459430672580335
229,3.175422058671748,0.001665889067278515
230,3.1748114286708446,0.002106460175262819
231,3.174216270615795,0.0025476949149491135
232,3.1736190767060126,0.0022136121731522727
233,3.173035807487241,0.0016592713769899223
234,3.172471066030405,0.001836930438176439
235,3.171904842505285,0.001798098810201365
236,3.1713567740114765,0.001747657267398917
237,3.1708193384039003,0.002404967647209222
238,3.170278214065256,0.0026970951903842787
239,3.1697427846839865,0.0023933710450824083
240,3.1692081398068552,0.0020806539758299655
241,3.168684322127035,0.0017831387138889344
242,3.1681585816864994,0.0017313582496156245
243,3.1676436568078534,0.001500999611997624
244,3.1671368001404234,0.0016291088339804914
245,3.166630770953416,0.001558530400532995
246,3.1661326942105656,0.0017014967982565963
247,3.1656486695774966,0.0022086778602021526
248,3.1651644173321443,0.0024832338243551046
249,3.1646808213737616,0.0020770898538665632
250,3.164202309903182,0.0015886718232716475
251,3.1635957608137844,0.005898480379684883
252,3.1524970678377917,0.005818294368260354
253,3.13253780046273,0.0056893076279829705
254,3.1055475847260654,0.005545692278670161
255,3.0730562853700576,0.0054036613898919015
256,3.0361189700832742,0.005260309040975948
257,2.9954796258236893,0.005109257437391699
258,2.951809700257118,0.004951564606282888
259,2.9058036640338885,0.004795565699808024
260,2.8581223394406416,0.004646755642904482
261,2.8093604239932803,0.004498227209471643
262,2.760138766251311,0.004337442277257944
263,2.7112051337005907,0.004159331507517066
264,2.6633739857958103,0.003966247432948813
265,2.617397484007081,0.0037541266928668286
266,2.573947869012156,0.003534302978556049
267,2.533453683333991,0.0033437820611779538
268,2.4958818710450785,0.0032016963098694252
269,2.4608445876777467,0.0030951169645346715
270,2.4278737203209397,0.0030034831302906666
271,2.396574559267077,0.0029132831327839124
272,2.3666635935484646,0.002818355447006031
273,2.3379564258688803,0.0027165717688522883
274,2.310349545981198,0.002608949707743246
275,2.283791154082885,0.0024985959401443367
276,2.258248715778974,0.002388991730321928
277,2.2336879093360347,0.0022826907986925192
278,2.2100676086735977,0.0021809673912508497
279,2.1873443356503666,0.0020849188455714235
280,2.165473303147709,0.0019961692333056403
281,2.1444039356266202,0.0019160818886748048
282,2.124078040441474,0.0018450640216175556
283,2.104433420644792,0.001782873609015155
284,2.0854077150854335,0.0017285731228646648
285,2.0669433191972035,0.0016800169777989023
286,2.0489958567913265,0.0016343687103438616
287,2.0315431054274167,0.0015892577681956357
288,2.0145853714163486,0.0015431427607095146
289,1.9981384991525117,0.001495894254273251
290,1.982216095857342,0.0014500518287941314
291,1.9668059856513593,0.0014073832241722642
292,1.9518770005136146,0.0013662660689086423
293,1.9374075097308467,0.0013244457809012554
294,1.923398266687513,0.0012827246975474732
295,1.909857393350146,0.0012457455513049706
296,1.8967654577374307,0.0012138277375907927
297,1.8840768089614328,0.001182944115105516
298,1.8717570958809147,0.00115198312732421
299,1.8597889277055857,0.0011223942597484758
300,1.8481578934449785,0.0010947603339528796
301,1.8368478271335575,0.0010683423827454368
302,1.825843874115328,0.0010423787168836994
303,1.8151335335321064,0.0010167207872969627
304,1.8047055637687819,0.000991943010342548
305,1.7945476952785353,0.0009687443559540466
306,1.7846465824632243,0.0009473152362532375
307,1.774989185922092,0.000927145943265439
308,1.7655646350833925,0.0009075366469494714
309,1.7563648492843082,0.0008880139520269028
310,1.747384013939946,0.0008685593682785679
311,1.7386170949313242,0.0008496034609171433
312,1.730057700025323,0.0008315390531973983
313,1.7216974750167027,0.0008145734798890635
314,1.7135262619831313,0.0007988925918466744
315,1.7055324588144152,0.0007843613496244749
316,1.6977061545592962,0.0007704522793962583
317,1.690042215588506,0.000756621012248102
318,1.6825391329259667,0.000742682296738983
319,1.6751963772124938,0.0007290545075561313
320,1.668011402362704,0.0007167795095837291
321,1.6609754991021601,0.0007059243533738324
322,1.6540776072577918,0.0006944973501061753
323,1.64731729720814,0.0006817102379223178
324,1.6406997206212357,0.0006697696322974054
325,1.634217278918587,0.0006575761496840855
326,1.6278646950261029,0.0006441592308933596
327,1.6216435591756464,0.0006314305990396772
328,1.615551320634507,0.0006201328051587464
329,1.6095826030819034,0.0006099517463462914
330,1.6037319960020184,0.0006002660871014716
331,1.597995877984416,0.0005909632068597306
332,1.59237092491048,0.0005820176795688761
333,1.5868535771412706,0.0005733300089410149
334,1.581440156868389,0.0005648664386473592
335,1.5761270536447805,0.0005566603057973184
336,1.5709107388986623,0.0005486919849311107
337,1.5657878794121975,0.0005409050503406509
338,1.5607553351020576,0.0005332225181251081
339,1.5558102611179192,0.0005255419361045541
340,1.5509503347183264,0.0005178431055199679
341,1.5461736476315138,0.0005102040821842847
342,1.541478340026218,0.0005026978742324132
343,1.5368624192784661,0.000495344968834063
344,1.532323857323646,0.0004881470084044818
345,1.5278606966620425,0.0004811156931998175
346,1.5234710554112225,0.00047427470985008627
347,1.5191530231354553,0.0004676341752036978
348,1.5149046451857686,0.0004611884858115496
349,1.5107240004433322,0.0004549270126501154
350,1.5066092865607092,0.00044884561534932934
351,1.5025588139235186,0.00044294456069409854
352,1.4985709509906124,0.0004372170767726144
353,1.4946441059104734,0.0004316509719519036
354,1.49077673589143,0.00042622697518682347
355,1.4869673922124655,0.0004209138545799554
356,1.4832147722020204,0.0004156733366156549
357,1.4795177700034383,0.00041048080182474436
358,1.4758754529452762,0.00040534274761283627
359,1.4722869717137368,0.00040030112514326195
360,1.468751403342107,0.00039540936422686134
361,1.465267623298062,0.000390689999690817
362,1.461834343453422,0.0003861287114752889
363,1.458450226152407,0.00038170198574176173
364,1.4551139619262128,0.0003773941648601757
365,1.451824277121792,0.0003731942256399883
366,1.4485799471953382,0.0003690793650197614
367,1.4453798774492936,0.0003649978626277981
368,1.4422232768440078,0.0003608990061971099
369,1.4391097294856077,0.0003568226191881321
370,1.4360389032131837,0.0003528859519817238
371,1.4330101122056425,0.00034915183085672946
372,1.4300221686743582,0.00034559462515306756
373,1.4270735836019894,0.0003420831469445414
374,1.4241632014572074,0.0003385258846858725
375,1.421290411160475,0.00033493035580173415
376,1.4184548906744059,0.00033137834892111044
377,1.4156562330625206,0.00032796980576775504
378,1.4128937840544493,0.00032480422177237823
379,1.4101666033772242,0.0003219498311847674
380,1.4074734018018347,0.00031933565131611835
381,1.4048128187297735,0.0003167296210618063
382,1.4021839503866884,0.0003139539353381667
383,1.3995865362269377,0.00031105988362376767
384,1.397020621150447,0.00030822992044380264
385,1.3944862023454694,0.00030566266909456887
386,1.3919828931820506,0.0003034955735478641
387,1.3895096912552996,0.0003016962224921186
388,1.3870651607787639,0.00029995158588762207
389,1.3846481571459903,0.0002975589049314298
390,1.3822589227512592,0.00029384796103469407
391,1.3798994734600072,0.0002895987662659777
392,1.3775713972267654,0.00028689958228597347
393,1.3752729269820307,0.0002856958126784742
394,1.3730009467414306,0.0002840915403904408
395,1.3707540213550942,0.0002813709595166202
396,1.3685321427848292,0.00027806458707212666
397,1.366335256340394,0.0002746325984377724
398,1.3641632139993445,0.00027139090818171716
399,1.3620157974843812,0.00026841316067685437
400,1.359892852298696,0.0002656484333290354
401,1.3577941968320462,0.0002630620005077244
402,1.3557194390647034,0.00026065687402895566
403,1.3536679801978204,0.0002583720329061257
404,1.3516392397328936,0.0002561030398403564
405,1.3496328369150115,0.0002538527542245869
406,1.3476484756521763,0.00025177931407796144
407,1.345685655544919,0.00024966082712695695
408,1.34374374309487,0.0002471517383707962
409,1.3418226431205498,0.0002447551896230346
410,1.339922158343767,0.0002427863527332818
411,1.3380417329104426,0.00024063364722274905
412,1.3361812011034875,0.00023851228542879878
413,1.3343401627814147,0.0002365631126850251
414,1.3325182570104708,0.00023450797051738739
415,1.3307153734638966,0.00023282441482909164
416,1.3289309396498088,0.00023101371042355583
417,1.3271648335726232,0.00022941653473951488
418,1.3254165791047283,0.00022739169978050174
419,1.3236859120195361,0.0002253860099916251
420,1.3219726693269462,0.00022355647897520244
421,1.320276583500175,0.00022219267596035945
422,1.3185970363920814,0.00022057364476714392
423,1.3169338633989849,0.00021875009264219036
424,1.3152869705721155,0.000216589278521353
425,1.3136568225416725,0.00021546102966395387
426,1.3120427458025556,0.00021360733607494634
427,1.3104448988415505,0.00021159814275982267
428,1.3088633808922894,0.00021013816559415258
429,1.3072976365376028,0.0002087368398961538
430,1.3057470872769037,0.000207293131054506
431,1.3042111421644278,0.00020575600327048856
432,1.3026895224726218,0.00020414497543104696
433,1.3011819609144022,0.000202237678913133
434,1.299688672760972,0.00020081032302016056
435,1.2982096197991324,0.00019939235534474541
436,1.2967446688839364,0.0001977748211602075
437,1.2952936194461588,0.00019623970159370174
438,1.2938561219151297,0.00019481589207887286
439,1.2924318356022042,0.00019356449693583907
440,1.2910204636088158,0.00019205716680765347
441,1.2896220273237406,0.00019068543446337257
442,1.2882364280861225,0.00018961780613010882
443,1.2868632497272605,0.00018831970870661523
444,1.2855023768126512,0.0001873530898797893
445,1.2841537650085386,0.0001863864093664773
446,1.2828169796865663,0.00018497996557251267
447,1.2814919993425695,0.00018348511999381937
448,1.2801788687390743,0.00018199890735730005
449,1.278877493789067,0.0001809907859516207
450,1.2775875994512802,0.00017992197539052184
451,1.2763090968602258,0.00017882105754892056
452,1.2750416371451525,0.00017770018534991785
453,1.2737851656912997,0.00017607478727754973
454,1.2725398408558297,0.00017508314602761551
455,1.2713052724319893,0.00017414498101094435
456,1.270081547815686,0.000173529538479048
457,1.2688682219064003,0.00017263471520233511
458,1.267665157271108,0.0001712440991092837
459,1.2664724867946955,0.00016986920502529281
460,1.2652902991202635,0.0001692299146803754
461,1.2641182251449257,0.00016833880517437135
462,1.2629561072920457,0.00016722219163872368
463,1.2618040415308234,0.00016636750862565467
464,1.260662021230718,0.0001657424478034008
465,1.2595293741967688,0.00016430942366102324
466,1.258406462505532,0.00016329780748215768
467,1.2572934120929133,0.00016270193629993636
468,1.2561892737739755,0.0001612667804337531
469,1.2550945099207196,0.00016024663665514813
470,1.2540090829124546,0.0001600756609059354
471,1.2529320675111488,0.0001588523185015428
472,1.2518635650190304,0.0001578112491608115
473,1.2508037723957752,0.00015738378543031804
474,1.2497523018081265,0.00015685663045474565
475,1.2487091109646693,0.0001556846601492394
476,1.2476747583673191,0.00015461961911057755
477,1.2466490893066544,0.00015317135125983766
478,1.2456321116974507,0.00015214300265965918
479,1.2446236250620117,0.00015147435748234605
480,1.2436233433559676,0.00015042549457295966
481,1.2426312994448094,0.00014967809903844909
482,1.2416470461371916,0.00014837738162617526
483,1.2406709255886326,0.00014764757693071397
484,1.239702756785601,0.0001475017568595974
485,1.2387419332405805,0.00014663998331408356
486,1.2377884534133319,0.00014543213581673468
487,1.2368428026468203,0.00014472828822479733
488,1.235904792145698,0.0001438528573698801
489,1.2349742661673746,0.00014298651319212497
490,1.2340513469067849,0.00014229293162774958
491,1.2331356941870013,0.00014114873712898094
492,1.2322272282055917,0.00014012639617130656
493,1.2313260630311587,0.00013953560457302317
494,1.2304318657596605,0.00013860156241164557
495,1.2295445374632314,0.00013807981254085642
496,1.228663844163922,0.00013753879325271447
497,1.227789797036438,0.0001366464560125126
498,1.226922456917758,0.0001356793344150653
499,1.2260617950732446,0.00013508538689075707
500,1.225207676720065,0.00013450893103503843
501,1.224359925269992,0.0001338609230386242
502,1.2235185020648869,0.00013304760057237928
503,1.2226833312975551,0.0001322811344235206
504,1.2218544591453084,0.000131358946964054
505,1.2210318955913189,0.00013067777313754394
506,1.2202154348056231,0.00013018317268873776
507,1.219404820337564,0.00012920861401873905
508,1.218600173596274,0.0001286490013504093
509,1.2178014147245335,0.00012851071328526793
510,1.2170080820318174,0.00012765118514161808
511,1.2162202619730857,0.00012659741448204764
512,1.215438207883238,0.0001263913187767722
513,1.2146615578096829,0.00012593508013184168
514,1.2138902894877748,0.00012497189826477079
515,1.2131246368612825,0.0001247603038782746
516,1.212364541053121,0.00012412228673509658
517,1.2116099680108745,0.0001235397386961953
518,1.210860904248753,0.00012257328144259583
519,1.2101174052737487,0.00012161927836450923
520,1.2093793645089819,0.00012126738405785507
521,1.2086464422936791,0.00012059541896019331
522,1.207918595988001,0.00012015559246995006
523,1.2071957153550352,0.00011955243078407158
524,1.2064777900037909,0.0001186151526799544
525,1.205765040613465,0.00011801457595163662
526,1.205057472840719,0.00011750861240859168
527,1.2043548944718734,0.00011709470146373881
528,1.2036571008580808,0.00011656797285426469
529,1.2029640733132205,0.0001157897664368909
530,1.2022757734570149,0.00011517829754479882
531,1.2015922496818856,0.00011501355995107084
532,1.2009131680635057,0.0001140515830919841
533,1.2002386737343718,0.00011347140883091552
534,1.199568756611171,0.00011325575635197371
535,1.1989030895310635,0.00011266469557172071
536,1.1982416308494874,0.00011206458717402379
537,1.1975843824066488,0.00011150050608282722
538,1.1969314401287932,0.00011102034385489537
539,1.1962830405001463,0.00011054244412164918
540,1.1956392561788594,0.0001100786577031414
541,1.1949999396765794,0.00010974493368495993
542,1.1943648844655612,0.00010960782824020783
543,1.193733756946827,0.00010932029140236347
544,1.193106419793673,0.00010876615348448922
545,1.1924831018404458,0.00010801212305223392
546,1.191863923236872,0.00010738120131443323
547,1.1912488539775723,0.00010679178846852361
548,1.190637829834401,0.00010619918091290513
549,1.1900308420241674,0.00010579201531675018
550,1.1894278025285785,0.00010552270134071358
551,1.1888285960045457,0.00010522358472522416
552,1.1882331917195823,0.0001047848596339198
553,1.1876416410781732,0.00010402072097556378
554,1.1870540744232088,0.00010381537240632657
555,1.1864703226245206,0.00010377987206770319
556,1.1858901662855346,0.00010289834769969429
557,1.1853137837772967,0.00010203027721304902
558,1.1847413582991204,0.0001020635525332664
559,1.1841725875207119,0.00010179611213783373
560,1.183607257795894,0.0001010802995794073
561,1.1830455206980046,0.00010041661395667755
562,1.1824874340943088,0.0001002986985385688
563,1.1819327981673435,9.97468777914273e-05
564,1.1813816665000152,9.928958702786523e-05
565,1.1808340243015976,9.896406861199473e-05
566,1.1802897445815625,9.830729955814606e-05
567,1.179748852914402,9.79454579651091e-05
568,1.1792113030376354,9.760727130418749e-05
569,1.1786769519821096,9.714547029846266e-05
570,1.1781458342449276,9.639975782402266e-05
571,1.177618027345765,9.614319752725804e-05
572,1.1770933882499506,9.586861969505178e-05
573,1.176571845853423,9.574735269657379e-05
574,1.176053365586152,9.55795300784468e-05
575,1.1755378823754064,9.502035223343267e-05
576,1.1750255274038288,9.496118134237575e-05
577,1.1745162151265562,9.450815887197628e-05
578,1.1740100531632,9.416786674128911e-05
579,1.1735069849972204,9.435191013891395e-05
580,1.17300680713095,9.351299670612709e-05
581,1.1725096809154638,9.287067425332941e-05
582,1.1720157372883535,9.264817976706678e-05
583,1.171524825235342,9.246169449579511e-05
584,1.1710368309174217,9.210385112015948e-05
585,1.1705517936241372,9.147198384576283e-05
586,1.1700698181554303,9.078803923999913e-05
587,1.1695909703448613,9.060418501020761e-05
588,1.1691149961143072,9.044919361742895e-05
589,1.1686417194843421,8.989210035179385e-05
590,1.1681711868350675,8.936078667906194e-05
591,1.1677034294022484,8.900485422937e-05
592,1.1672383659547703,8.858496669966372e-05
593,1.1667759486944047,8.831596761293361e-05
594,1.1663161548802923,8.822381384906099e-05
595,1.1658588909920575,8.772214571580802e-05
596,1.1654041763423135,8.73795694856792e-05
597,1.1649519991992878,8.715728709893883e-05
598,1.1645022723131744,8.700603562845537e-05
599,1.164054996933118,8.668381277659414e-05
600,1.1636101127078209,8.652098994056018e-05
601,1.163167589048026,8.585594430154917e-05
602,1.1627275840270523,8.547279894820504e-05
603,1.1622901101073788,8.555245589108475e-05
604,1.1618549887243448,8.52273629024169e-05
605,1.1614222197890485,8.476874451223107e-05
606,1.1609918994467134,8.455303986836226e-05
607,1.1605640148801035,8.415935581214101e-05
608,1.1601385377895732,8.391138288562229e-05
609,1.159715437934506,8.362638144420247e-05
610,1.1592947250925774,8.325836648164223e-05
611,1.1588764560867384,8.305644221890769e-05
612,1.15846060665683,8.298463630663977e-05
613,1.1580470505023812,8.229075811756444e-05
614,1.1576358731364416,8.18782851045135e-05
615,1.1572270869851422,8.167486843588567e-05
616,1.15682053243015,8.142716789861938e-05
617,1.1564161186947783,8.100750146640192e-05
618,1.1560139291284988,8.055698161933437e-05
619,1.1556139810232284,8.064348678673074e-05
620,1.155216134066772,8.041553579265503e-05
621,1.1548203544635203,8.01097449505693e-05
622,1.1544266808996166,7.978802516682154e-05
623,1.1540351360815784,7.965424754167328e-05
624,1.1536456669920725,7.955481694820909e-05
625,1.1532582157607445,7.890723281490412e-05
626,1.1528729051291045,7.852958427043377e-05
627,1.1524897341120097,7.857205928561245e-05
628,1.1521085628904328,7.851908893802083e-05
629,1.1517292969983837,7.803629706083701e-05
630,1.1513520407909459,7.773747558833654e-05
631,1.1509768294383576,7.752012923484806e-05
632,1.1506035900050298,7.732689047191547e-05
633,1.1502323545371815,7.70252901525206e-05
634,1.1498630986221625,7.706361054977651e-05
635,1.149495712801119,7.676049083173649e-05
636,1.149130280147121,7.671512855804888e-05
637,1.1487667455023036,7.658634313804203e-05
638,1.1484050628602187,7.615141911527127e-05
639,1.148045262182507,7.568613395029398e-05
640,1.147687326180481,7.533311872260071e-05
641,1.1473312124661645,7.51730751626154e-05
642,1.1469768630803494,7.478419465068005e-05
643,1.1466243219455619,7.467015904209593e-05
644,1.1462734817398936,7.457048053619155e-05
645,1.145924404946558,7.430795410154991e-05
646,1.1455771373823824,7.415934347487156e-05
647,1.145231751674449,7.407621813558257e-05
648,1.144888254572237,7.365946553796294e-05
649,1.1445466512989555,7.328437395187223e-05
650,1.1442069906133665,7.297350639570733e-05
651,1.1438692305394504,7.295672927888665e-05
652,1.1435331566685618,7.251375609281581e-05
653,1.1431988958262962,7.224370150080218e-05
654,1.1428663945877313,7.211681375857075e-05
655,1.1425355895226768,7.207476882645323e-05
656,1.1422063885811893,7.171186562638267e-05
657,1.1418788401719584,7.126130382866217e-05
658,1.1415529924758032,7.107099227022648e-05
659,1.1412288111794764,7.109257954329526e-05
660,1.1409062261019338,7.066466488600437e-05
661,1.140585199041467,7.024240781013718e-05
662,1.1402657925545854,6.980697033048606e-05
663,1.1399479996421906,6.963968108044824e-05
664,1.139631751949868,6.97192897573192e-05
665,1.1393169269830516,6.946498125623525e-05
666,1.1390035371445213,6.910102793195535e-05
667,1.1386916645965521,6.884444698905946e-05
668,1.1383812766434378,6.86368334136534e-05
669,1.1380723079359463,6.825257255507515e-05
670,1.1377648562192662,6.813459857171449e-05
671,1.1374588317141177,6.816694902326144e-05
672,1.1371541685659043,6.795553060892286e-05
673,1.1368508986222228,6.785902970306233e-05
674,1.136549036563146,6.765237531539242e-05
675,1.1362486066851434,6.752781808409522e-05
676,1.1359495929799555,6.718162497576792e-05
677,1.1356520310528617,6.693023246984714e-05
678,1.1353559190449913,6.672813377552152e-05
679,1.1350612146413568,6.662480577786455e-05
680,1.134767932132547,6.638366031152755e-05
681,1.1344760307112554,6.618649090084606e-05
682,1.1341855038508575,6.612342208003408e-05
683,1.133896314222448,6.590555810790134e-05
684,1.1336084802851747,6.560171693514314e-05
685,1.1333219947372557,6.528546613634871e-05
686,1.1330368538463693,6.51139719193323e-05
687,1.1327530528127414,6.504820799981632e-05
688,1.13247052944572,6.490998577419518e-05
689,1.1321892934752944,6.4846791359505e-05
690,1.1319093700701082,6.45675514392124e-05
691,1.1316306812687948,6.416042367955804e-05
692,1.1313532901687362,6.40696849604712e-05
693,1.1310771296043243,6.402059047383239e-05
694,1.1308021415168419,6.356225616375767e-05
695,1.1305284350864375,6.342295800063918e-05
696,1.130255925526618,6.307184785589246e-05
697,1.1299846193093694,6.3053678678808e-05
698,1.1297144759085644,6.268552848025466e-05
699,1.1294455269247061,6.266252441621322e-05
700,1.1291777226910225,6.263494284913691e-05
701,1.128911068961663,6.271019691747285e-05
702,1.1286455173549947,6.243402741850512e-05
703,1.1283811206037726,6.237208991010801e-05
704,1.128117915495819,6.182221564472589e-05
705,1.1278559501723677,6.187156282061336e-05
706,1.127595136135104,6.165176090119747e-05
707,1.1273354605833528,6.130693171857287e-05
708,1.127076968883027,6.112996345931846e-05
709,1.126819633979183,6.100963192184067e-05
710,1.1265634241044036,6.105395807205169e-05
711,1.1263082887187859,6.077865906474884e-05
712,1.1260542513852858,6.050063386199757e-05
713,1.1258013798664122,6.0423701345448555e-05
714,1.1255495896350138,6.036323936595345e-05
715,1.1252988872654819,6.0293813554249495e-05
716,1.1250492867390076,6.0204503193790016e-05
717,1.124800761545845,6.0019310629431e-05
718,1.124553359375411,5.98247414016291e-05
719,1.1243070946767588,5.979145401588102e-05
720,1.1240619123522575,5.9683647556349184e-05
721,1.1238178024274632,5.9493245915077494e-05
722,1.1235748083638013,5.9058636856512306e-05
723,1.1233329905680585,5.881979362930008e-05
724,1.1230923233015213,5.8991178831253745e-05
725,1.1228526757442514,5.890313951618873e-05
726,1.1226140861835536,5.850333698228549e-05
727,1.1223765874376017,5.8422911145178516e-05
728,1.1221401547106047,5.801299159921749e-05
729,1.1219047992054494,5.797188489287562e-05
730,1.1216705043763215,5.8066767877864155e-05
731,1.1214372343574242,5.8015611274448965e-05
732,1.1212049897787755,5.796458872359674e-05
733,1.120973722570053,5.786272322188183e-05
734,1.1207434633960789,5.7472532450835905e-05
735,1.1205142615102135,5.7331472986873345e-05
736,1.1202861394340302,5.7288944594382264e-05
737,1.1200590214728177,5.6979574560000215e-05
738,1.1198329151087378,5.6895075812508645e-05
739,1.1196077992033158,5.671602634507842e-05
740,1.119383699213341,5.65426694248178e-05
741,1.1191605658836816,5.6348896721550994e-05
742,1.118938387339415,5.6275122798559094e-05
743,1.1187171690073279,5.570946494985868e-05
744,1.1184969368431077,5.5626614413858935e-05
745,1.1182776484109933,5.553807978998875e-05
746,1.1180592471458042,5.5335404134008035e-05
747,1.1178417295453449,5.5065670854710774e-05
748,1.117625091572286,5.50020412274181e-05
749,1.1174093100988274,5.493768559847381e-05
750,1.1171943451300428,5.492802664942532e-05
751,1.1169801926892382,5.485997623296882e-05
752,1.1167668481979092,5.457818338355077e-05
753,1.1165543315080062,5.4252598403543726e-05
754,1.116342690154327,5.416313437794435e-05
755,1.116131912638957,5.4069181568633365e-05
756,1.1159219639731885,5.427469690416977e-05
757,1.1157127987818036,5.41295729799328e-05
758,1.1155044114624855,5.372061986906999e-05
759,1.1152969033359357,5.358726291827333e-05
760,1.115090236581388,5.354209309055195e-05
761,1.1148843736015177,5.3471229109934465e-05
762,1.1146793263572212,5.334143951398591e-05
763,1.114475101480152,5.3326454407453015e-05
764,1.1142716712049765,5.331557072637302e-05
765,1.1140690217552702,5.3262206239188514e-05
766,1.113867173849882,5.294003179169679e-05
767,1.113666138189353,5.277776709459064e-05
768,1.1134659002821112,5.2488591680985636e-05
769,1.113266425781165,5.248644575963561e-05
770,1.1130676171253635,5.2445703920016626e-05
771,1.1128694431699242,5.2226519510614734e-05
772,1.112671969290574,5.228203729942576e-05
773,1.1124752439591215,5.214392902131913e-05
774,1.1122794005084022,5.1744719608136904e-05
775,1.1120845668587505,5.168694044364544e-05
776,1.1118907319863793,5.1538927945446855e-05
777,1.111697728956612,5.155973479108684e-05
778,1.111505415807918,5.147085827763121e-05
779,1.1113137499302703,5.136244335664575e-05
780,1.111122752490905,5.132500124860417e-05
781,1.1109324339660192,5.094255210304797e-05
782,1.1107428348726693,5.064620839183679e-05
783,1.110554030638423,5.0359860653141437e-05
784,1.110366004930464,5.031067554262316e-05
785,1.1101786691920636,5.025699859607728e-05
786,1.1099920072485818,5.0025753626028596e-05
787,1.1098060328469086,5.0029046208174404e-05
788,1.1096207300402188,5.006574240632597e-05
789,1.1094360493958515,5.015174522955935e-05
790,1.109251978016224,4.999199628818775e-05
791,1.1090685566169816,4.98359020166957e-05
792,1.1088858223850169,4.969360140513171e-05
793,1.1087037673166626,4.936437665265972e-05
794,1.1085224306251535,4.924702765969306e-05
795,1.1083418164040477,4.9282039454521634e-05
796,1.1081618521583214,4.907048294116696e-05
797,1.1079825700709982,4.890567159674555e-05
798,1.107803948514757,4.897076665295448e-05
799,1.1076259665607129,4.8725475547430405e-05
800,1.1074486475784244,4.85280322302591e-05
801,1.107271976689823,4.863637599206847e-05
802,1.107095929491984,4.8370409323507454e-05
803,1.1069205137370657,4.83611086064579e-05
804,1.1067457050420222,4.8454518074318045e-05
805,1.1065714869376968,4.8166813184922644e-05
806,1.1063978778376877,4.807656933647872e-05
807,1.1062249123093104,4.805088625533234e-05
808,1.106052563428024,4.816791835778739e-05
809,1.1058808042287513,4.813507758201457e-05
810,1.1057096787505722,4.791019341398575e-05
811,1.1055391929814844,4.80872759996212e-05
812,1.1053693304044314,4.771004071663936e-05
813,1.105200154563843,4.7574171099653484e-05
814,1.1050316754600096,4.772023090275067e-05
815,1.1048638489259133,4.749341492020168e-05
816,1.1046966803306475,4.750392764728264e-05
817,1.1045301526751894,4.7528386034294784e-05
818,1.1043642585820228,4.720764323152294e-05
819,1.1041990298767135,4.718011281165161e-05
820,1.1040344863634395,4.716783737903897e-05
821,1.1038705642790152,4.7039951509678565e-05
822,1.1037073014650596,4.683713187312505e-05
823,1.1035447083427548,4.689700154611145e-05
824,1.103382751781361,4.656124080023879e-05
825,1.1032214221020222,4.649831762053498e-05
826,1.1030607256544813,4.632377230430103e-05
827,1.1029006673233703,4.618867491940993e-05
828,1.1027412330230815,4.638263551174257e-05
829,1.1025823749252912,4.621539209262301e-05
830,1.102424124497751,4.618802081305613e-05
831,1.1022664757298775,4.591997518817762e-05
832,1.1021094299865528,4.5809998461440834e-05
833,1.1019529941913535,4.5665381954481035e-05
834,1.1017971637403614,4.5184704101003345e-05
835,1.1016419704371838,4.534961135941478e-05
836,1.101487346809896,4.526146944850506e-05
837,1.1013332544329857,4.511503918076654e-05
838,1.1011797382579993,4.503478655879112e-05
839,1.1010268112645345,4.5399046691892035e-05
840,1.1008743724460697,4.5028836937398505e-05
841,1.1007224790772363,4.476512632563198e-05
842,1.1005711745797724,4.483573431633774e-05
843,1.1004203964891826,4.4544743089556365e-05
844,1.1002701566422282,4.4327982524630595e-05
845,1.1001204906483903,4.4355646584206754e-05
846,1.0999713277563203,4.4193643573517254e-05
847,1.099822707864737,4.418159858421955e-05
848,1.0996745733964883,4.4252366297006164e-05
849,1.099526931252484,4.410050572312829e-05
850,1.0993797874317182,4.408613660616178e-05
851,1.0992331471222618,4.383924078184388e-05
852,1.0990870130175836,4.3853381786518654e-05
853,1.098941362953274,4.3570959777894745e-05
854,1.098796249951084,4.344520159211035e-05
855,1.098651651787475,4.3403589285855895e-05
856,1.0985075486574414,4.333467202021017e-05
857,1.0983639256665054,4.316519922663439e-05
858,1.0982207878649963,4.3324295421312624e-05
859,1.09807809427453,4.319327054408118e-05
860,1.097935845487411,4.290492957893134e-05
861,1.0977940888173012,4.273721531290894e-05
862,1.0976528312679799,4.263175211293938e-05
863,1.0975120405534586,4.2478054699838e-05
864,1.0973716948979721,4.2401129772657724e-05
865,1.0972317893049541,4.234271570035323e-05
866,1.0970923184732824,4.2210981828898305e-05
867,1.0969532729056881,4.230947885491204e-05
868,1.0968146377186274,4.211428826916585e-05
869,1.0966764159573903,4.2168098704881054e-05
870,1.0965386339228158,4.199316143871389e-05
871,1.0964012877976945,4.225456414937873e-05
872,1.0962643498565856,4.216063763282793e-05
873,1.096127842412569,4.201483404109723e-05
874,1.0959918219077236,4.1868670696656057e-05
875,1.0958562958593132,4.190445602009755e-05
876,1.0957212123787465,4.171409570870315e-05
877,1.0955866029945351,4.1558954177448375e-05
878,1.0954524919514252,4.148072447036822e-05
879,1.09531881549657,4.133251797893127e-05
880,1.0951855859060766,4.119505940800979e-05
881,1.0950528235944508,4.1270215060719405e-05
882,1.0949204801648889,4.1254513034802475e-05
883,1.0947885614676776,4.120703394011832e-05
884,1.0946570719145803,4.122697190068083e-05
885,1.094526008424718,4.112556633291294e-05
886,1.0943954012789407,4.110208604333868e-05
887,1.0942652502345231,4.089572429505187e-05
888,1.0941355620998867,4.090601005474415e-05
889,1.0940063422805368,4.0748216806698886e-05
890,1.093877597005597,4.0527160337167093e-05
891,1.0937492995164146,4.069416549636448e-05
892,1.0936214041707666,4.0442987761284275e-05
893,1.0934939343637413,4.0123177517687075e-05
894,1.093366919158389,4.0302735295693095e-05
895,1.093240310947662,4.009613121076936e-05
896,1.093114104206772,4.03708688905632e-05
897,1.0929882569890181,4.003800416398795e-05
898,1.0928628219952239,3.98444569710648e-05
899,1.0927378091630706,3.9899391994561457e-05
900,1.092613185081402,3.975868306217056e-05
901,1.0924889418981456,3.967780608731554e-05
902,1.0923650746348392,3.9573434691744455e-05
903,1.092241596376287,3.938964759794365e-05
904,1.0921184923522118,3.9558714897029734e-05
905,1.0919957396580866,3.925784202256352e-05
906,1.0918733711280988,3.918245444376032e-05
907,1.0917513875880658,3.9146751283021506e-05
908,1.091629772696948,3.9091187107962454e-05
909,1.0915085090185892,3.917496230049043e-05
910,1.0913875930847965,3.897471576793437e-05
911,1.091267063327521,3.8949561124136945e-05
912,1.0911469222338008,3.8999888359736824e-05
913,1.0910271364327087,3.879236797493068e-05
914,1.0909077143508403,3.872702072180262e-05
915,1.0907886849417798,3.851948482981938e-05
916,1.0906700460452186,3.8490703844021456e-05
917,1.0905517787692518,3.850930684047721e-05
918,1.0904338581958894,3.848281026558581e-05
919,1.0903162761477783,3.847113407535697e-05
920,1.0901989994188601,3.842888193796099e-05
921,1.0900820007283332,3.8297353216747466e-05
922,1.089965186055664,3.824194707556668e-05
923,1.0898485822885522,3.8266622059387734e-05
924,1.0897323721028453,3.8411100412818734e-05
925,1.0896165967345706,3.8111763742207005e-05
926,1.089501401151284,3.805892652333278e-05
927,1.0893868167515741,3.794203011271628e-05
928,1.0892726752981514,3.784657735571163e-05
929,1.089158878953149,3.7755513573441424e-05
930,1.08904542625246,3.773266971427396e-05
931,1.0889323200834877,3.770776156444802e-05
932,1.0888195276479227,3.759652525508878e-05
933,1.0887070641150514,3.744084831101442e-05
934,1.088594935837684,3.7419597307432094e-05
935,1.0884831391473695,3.736279684205778e-05
936,1.0883716693632186,3.732082848266463e-05
937,1.0882605362251536,3.7236405189712004e-05
938,1.0881497440822372,3.720272604924406e-05
939,1.088039287605369,3.711949371046125e-05
940,1.087929187074858,3.697963669013399e-05
941,1.087819429143301,3.710618467353443e-05
942,1.0877100052295718,3.7020117328664275e-05
943,1.0876009281409986,3.6876294121189234e-05
944,1.0874922128285827,3.701289974953201e-05
945,1.0873838184992781,3.6822214060812086e-05
946,1.087275737385594,3.660050765541773e-05
947,1.087168006416225,3.6650525794962714e-05
948,1.0870606026167964,3.651267535701185e-05
949,1.0869535280802443,3.64673781988004e-05
950,1.0868467740205068,3.6481072792848096e-05
951,1.0867403215596048,3.625564216410718e-05
952,1.086634208136263,3.6324835876929054e-05
953,1.0865284133887605,3.643341807733256e-05
954,1.0864229070325813,3.6304523201024006e-05
955,1.0863177112877667,3.598773291445818e-05
956,1.0862128875807926,3.603102910409836e-05
957,1.0861084044576712,3.6282799751893185e-05
958,1.0860041828766556,3.614768601779314e-05
959,1.0859002478069737,3.587750722555219e-05
960,1.0857966467800946,3.576503137437257e-05
961,1.0856933657285988,3.5803462634215614e-05
962,1.0855903783539171,3.557515758995458e-05
963,1.0854877335685171,3.5659434021770786e-05
964,1.0853853728053378,3.549623536713928e-05
965,1.08528332304419,3.533240347323919e-05
966,1.0851815965841314,3.53602461685613e-05
967,1.085080149171751,3.530051560223785e-05
968,1.0849789852199385,3.523917847458828e-05
969,1.084878117428229,3.5272110182657916e-05
970,1.084777543533408,3.520630205984134e-05
971,1.0846772595017216,3.5106618290124305e-05
972,1.0845772908255449,3.522466891768127e-05
973,1.084477615263069,3.51367389902605e-05
974,1.0843782322861826,3.511022044083112e-05
975,1.0842791404453254,3.498609819939575e-05
976,1.0841803541448571,3.485696140450683e-05
977,1.0840818611264846,3.4860219308603316e-05
978,1.0839836728864682,3.4686687160013454e-05
979,1.0838857884194408,3.4673053337868375e-05
980,1.0837881871335946,3.464894085651852e-05
981,1.0836908622689816,3.460884619306324e-05
982,1.0835938151081554,3.46280644199702e-05
983,1.083497040877469,3.4524698217961546e-05
984,1.0834005377781466,3.454752354620138e-05
985,1.0833043096496457,3.444891066227107e-05
986,1.0832083569396773,3.437996680117645e-05
987,1.0831126734399275,3.425376595968647e-05
988,1.083017271309188,3.412952343070436e-05
989,1.0829221400781621,3.399834655763686e-05
990,1.082827278104023,3.389341523350766e-05
991,1.0827326887259061,3.3971475389458766e-05
992,1.082638326514769,3.3842616087172136e-05
993,1.082544181311744,3.3656040069102615e-05
994,1.0824502707674903,3.3639831242783076e-05
995,1.0823565653799223,3.3533217205095705e-05
996,1.0822630640919166,3.350471386356251e-05
997,1.0821697504863472,3.364096566927492e-05
998,1.0820765739181173,3.357112361943144e-05
999,1.0819835120238475,3.3514614759490965e-05
1000,1.081890576152249,3.357308150346659e-05
