original_index,label
2691,8
124,0
160,4
4124,3
2731,7
1103,6
752,3
3504,5
140,2
884,2
3844,1
1391,2
2113,3
1313,5
4433,7
5199,3
1662,5
1563,2
3425,0
4729,1
4662,3
860,0
736,2
2014,2
3384,0
4451,7
3996,7
841,0
354,9
1885,7
3213,0
4435,8
2077,3
1652,4
3637,3
4267,6
905,9
1017,9
5378,0
3266,7
1705,9
5244,6
2780,4
5290,7
3002,6
2602,4
2698,5
4254,3
2967,9
1306,9
795,4
323,4
1707,3
1718,0
1616,8
4634,5
879,5
3661,5
3397,4
3160,0
3108,5
360,7
1815,8
5422,1
3990,9
1369,5
4596,8
3164,9
1032,3
713,1
615,4
4614,5
2046,2
3019,8
906,4
2047,5
1234,9
2187,1
5161,2
4842,7
2801,4
1071,9
552,1
1698,3
5059,0
809,8
3253,6
3894,5
4940,1
3922,1
588,5
4663,4
1414,9
4183,6
2321,9
150,1
2313,9
5257,9
1858,8
4440,0
2990,3
3088,9
5408,1
2725,9
514,5
3089,0
3074,0
4442,3
3257,7
3876,8
3433,7
3396,8
1447,8
99,2
1067,0
4242,5
3233,0
2651,0
29,8
4280,5
1446,9
5123,3
2163,9
3772,1
3704,5
5458,7
3489,3
2751,1
1857,4
2361,3
2605,9
71,3
3496,1
3303,0
1335,1
4173,7
3252,4
4367,8
5024,7
4735,7
3853,0
2290,4
5551,7
154,8
4322,2
3884,7
4415,8
2035,4
4187,7
5032,7
3215,3
1715,0
4130,2
2211,1
2530,5
36,9
460,7
1871,7
3991,8
2435,6
1890,9
486,7
521,0
3694,8
39,4
4781,1
2350,0
756,7
4239,0
566,8
301,3
1508,7
1042,0
4212,3
866,7
3414,6
4731,3
3157,4
3985,5
4076,8
76,7
5499,9
2713,8
4549,1
129,2
2899,1
2310,6
3551,7
1096,0
5536,5
3472,6
5374,6
5297,3
2083,2
348,1
610,1
634,6
3314,1
3759,0
2238,2
3571,8
2763,3
4806,7
3348,4
2944,2
2116,5
4096,7
1118,1
1684,9
1672,6
3202,0
1781,2
1918,6
5450,7
1399,3
2472,7
3453,5
4296,4
1813,1
3682,1
3284,8
687,3
4121,1
4718,9
4957,1
3849,6
5287,0
956,2
4979,8
3306,8
3009,8
5125,5
765,2
1852,6
983,2
1257,4
488,5
2980,2
5400,6
2447,6
1831,9
766,6
5608,7
1848,3
1958,4
2332,4
4563,7
5351,2
5140,0
4920,1
4512,7
3039,2
2317,1
2,7
2908,2
5474,4
1373,5
1602,1
4703,6
5283,3
1485,0
3675,8
1459,6
351,7
1961,2
4069,5
4746,8
2515,8
556,5
317,4
5153,7
4504,5
485,7
3339,7
4255,5
2759,5
2167,7
3680,7
343,4
2712,5
2877,1
3890,6
4473,4
1559,3
1634,5
2757,4
111,6
4620,1
4281,0
4445,6
4404,6
5418,7
3191,5
5127,7
2203,7
1757,4
3151,2
940,8
5163,8
215,4
415,6
5339,0
4901,0
2234,5
4656,2
1139,2
5495,5
515,6
5160,2
4872,0
100,4
3034,0
1233,8
3660,7
1511,2
3124,9
3154,4
1305,5
2244,8
2052,1
3837,4
960,2
1547,4
4485,6
3964,1
3295,7
4342,3
2150,3
2926,5
688,5
4522,8
3799,9
2200,6
3516,2
534,3
1595,1
4111,5
5112,2
4209,0
1196,3
1410,8
2363,6
3247,9
438,4
1796,9
2380,3
2449,7
1892,6
5122,2
672,5
4075,0
2032,6
250,1
5036,1
1749,2
5578,6
5013,5
2732,7
5572,6
2810,0
446,5
420,8
629,8
3258,8
1266,0
2499,3
1012,4
3013,6
1151,0
3584,6
4289,1
87,9
5363,9
3481,4
3803,0
1031,2
2144,3
1138,8
3808,3
1605,0
3490,8
1060,5
1265,5
1820,3
2592,1
3173,8
1272,1
3031,2
5258,0
1095,9
5419,8
4081,2
2105,5
2702,2
3485,9
3334,3
5083,3
1271,8
3888,6
2041,4
2141,2
3376,9
276,8
4706,1
2553,4
1655,9
3881,6
3763,1
2365,5
1742,7
3658,4
2852,5
1765,4
5616,0
4788,3
2818,8
3627,6
4256,1
1838,7
94,4
3446,8
4011,6
3896,9
3614,3
3025,1
306,4
5453,3
461,2
3650,9
644,2
2125,8
3942,9
2110,8
2153,7
1533,9
3287,8
3319,3
4208,3
5052,0
413,7
797,5
4362,3
3874,2
3322,0
1675,5
2752,7
4202,8
2434,9
4924,5
3904,7
1824,5
4264,0
4102,3
4214,5
4569,4
2087,1
988,3
1452,8
56,0
3226,1
1879,3
1141,9
4984,4
3509,1
1966,4
924,1
1647,4
3638,8
3113,4
5196,7
842,7
1382,0
5110,0
2081,1
4010,2
5249,1
388,1
2856,3
5117,7
5044,4
1320,6
1516,5
4352,3
4615,6
1588,1
3275,0
1704,1
3291,7
2997,9
4747,9
380,2
2579,4
4428,3
4272,3
4345,6
3518,9
1283,1
1570,9
525,4
3110,6
4593,4
519,5
1334,7
2517,6
4047,8
4926,8
5570,1
1640,9
5553,3
1909,2
1837,0
2209,8
4097,8
1927,1
4458,9
2672,0
2383,5
4309,4
5446,6
3424,7
5266,8
4368,9
1146,6
968,3
5365,8
2598,0
4327,7
4139,3
4841,5
1541,4
138,6
1942,4
3308,5
3827,4
1213,4
1517,4
769,5
4893,4
60,7
5119,9
2456,3
492,7
2508,2
4978,9
970,2
1990,7
1148,4
3681,9
2191,0
4029,8
1736,1
897,5
4873,1
4553,2
2007,3
3467,0
5029,0
3604,5
5136,6
3196,3
2090,7
872,0
3647,9
1758,0
3078,6
3260,5
4559,1
4836,7
883,0
3789,4
5023,7
5009,9
134,4
321,1
3427,1
4409,1
584,3
3368,7
334,6
2220,8
2726,3
222,4
5303,6
2322,9
5237,8
599,1
4384,3
3166,7
4701,5
4791,6
2490,3
281,8
2173,5
593,9
1726,6
1896,5
538,2
249,5
1623,7
1354,7
2785,1
3813,4
1207,5
1171,7
2455,1
513,7
2836,7
349,5
4312,3
3443,2
2594,4
1921,5
1618,3
2905,4
1481,5
4761,5
2267,5
3766,3
4119,8
779,2
4925,2
177,9
4999,9
5216,6
878,5
437,4
4542,9
1759,0
2848,2
3567,9
4221,2
4648,0
4205,0
3076,9
3513,6
1260,9
2440,4
1252,2
2442,2
4304,6
4462,8
3702,0
264,6
5404,8
3268,2
5219,5
1788,3
3926,3
1797,7
3716,6
1291,8
3538,0
4898,5
1293,2
4470,1
3187,7
2165,0
5425,3
4574,9
5316,0
1457,7
1348,7
3483,0
2545,2
4567,3
1738,0
1310,6
4203,4
2901,6
1011,8
3628,2
3549,4
4231,2
5395,9
5208,3
2394,3
2308,0
3181,6
3624,2
1435,9
1046,9
3375,1
3743,1
4995,5
3821,6
4727,9
412,1
3503,5
2427,5
4673,5
3200,4
1532,5
1689,0
4303,7
2819,3
4286,2
3286,0
717,6
340,8
258,9
2340,0
2084,9
5617,8
1174,1
5465,0
1460,6
1550,6
3668,1
4769,4
948,6
1904,8
5262,4
5289,2
4912,3
3899,8
648,1
2533,0
1047,6
64,2
550,1
378,3
494,9
468,3
2796,1
619,0
2258,0
3512,9
4035,6
4099,0
1525,1
5580,1
3635,5
5088,7
2401,3
262,3
1967,8
4714,2
2774,5
2844,3
916,8
3083,6
369,8
1557,3
3577,8
3997,7
4232,3
2448,6
3497,0
1619,2
4174,6
2690,3
2850,0
1621,5
5430,4
1383,8
3883,3
3338,8
5075,6
4639,8
2130,6
3722,1
4046,6
5486,0
1893,1
641,9
4956,6
1221,4
4871,9
3546,3
4996,6
313,5
1694,6
3230,2
5310,0
4891,9
5549,3
4464,9
211,6
2470,4
608,2
4983,3
261,4
1642,2
1826,6
4845,4
5020,8
3531,4
3374,6
1956,9
2615,2
4876,4
3592,2
3842,9
5456,9
2385,4
743,0
2847,1
3006,6
4147,4
3499,3
230,3
3457,2
1048,8
4193,8
4595,0
4022,9
1027,4
4493,4
2260,7
5519,9
1282,1
4213,4
2464,6
2750,9
2293,8
3349,1
2966,9
5601,4
3097,2
4089,0
3298,7
5035,0
2102,9
1326,2
1057,4
3137,9
3925,5
3528,5
3693,8
5607,5
5165,0
1729,6
3409,1
1155,8
5449,1
4683,2
3902,0
2406,1
4745,7
2201,0
5448,2
3697,6
2217,3
1867,1
4822,3
2820,6
5345,1
2710,5
3435,2
5563,9
3841,8
2924,5
1392,7
1500,6
391,9
3491,8
3359,2
4400,7
4552,3
505,0
1735,4
4023,1
5210,4
274,9
1945,8
4621,2
4913,3
1387,0
5509,9
2462,5
5409,7
5148,8
1938,3
2969,9
3779,9
5217,1
4356,7
5522,5
1528,8
3067,9
944,8
4618,9
1697,9
3365,2
612,1
1622,1
3058,0
5230,5
1211,4
2261,4
4276,6
898,5
1050,3
4175,8
1061,5
529,6
1711,6
5198,6
4846,4
1959,2
367,9
280,8
4437,3
2606,2
5298,3
5018,8
24,1
1575,8
5619,8
359,6
3572,3
1402,5
560,5
423,0
4250,4
2483,1
811,6
207,4
2307,1
1660,4
3955,2
493,6
2469,7
3535,7
2681,4
909,6
2223,0
4584,2
2993,4
2748,1
2285,2
4181,5
1744,5
1905,0
3192,7
3935,7
3709,1
753,7
2733,2
5438,0
834,0
3116,4
3594,8
1370,7
5167,2
854,3
3728,7
4778,8
3484,7
4353,4
1379,5
5141,9
930,6
1415,7
408,2
5606,2
4271,3
2705,2
5151,4
978,3
5328,1
5544,2
3924,0
145,7
3936,2
2091,7
2758,9
8,0
5057,2
3861,8
3732,6
489,0
5521,9
2471,2
5065,1
2232,6
730,9
4233,4
1845,6
1587,2
214,9
21,8
3760,7
3992,9
2921,6
5414,0
4952,5
1478,1
139,1
3634,2
4838,8
50,2
1827,9
1130,1
3007,3
2117,2
2882,5
3043,2
2717,1
4870,8
