,Sale,InStrSpending,Discount,TVSpending,StockRate,Price,Radio,OnlineAdsSpending
0,240368,59.9,0.46,46.3,0.45,12.56,1065,1081.6
1,207276,7.28,0.39,166.91,0.05,5.44,1832,651.24
2,172572,9.81,0.41,73.67,0.06,3.54,587,1066.56
3,82697,46.94,0.27,33.95,0.88,28.9,1407,1855.27
4,141762,2.59,0.26,82.63,0.36,4.66,2057,1608.91
5,271990,57.08,0.17,160.76,0.93,15.6,1723,2916.29
6,186979,40.09,0.25,42.25,0.61,10.6,1345,1797.1
7,176084,38.61,0.07,132.34,0.18,20.88,847,1610.31
8,98234,4.94,0.41,33.06,0.04,9.76,281,1073.3
9,262918,51.77,0.24,197.89,0.76,18.66,2577,1281.06
10,161146,0.31,0.38,75.81,0.48,0.8,1240,2366.6
11,192936,21.28,0.08,50.18,0.67,2.24,2888,2197.37
12,231571,32.4,0.15,47.63,0.95,0.6,1502,1630.43
13,261538,24.26,0.34,152.49,0.13,3.87,1978,969.81
14,294432,41.37,0.22,100.07,0.69,0.34,915,2986.22
15,176874,13.71,0.3,33.98,0.44,0.43,1230,1605.98
16,213508,56.23,0.47,107.11,0.63,19.8,1743,2343.1
17,288236,56.22,0.21,40.89,0.17,3.83,2562,538.36
18,45266,12.15,0.03,96.8,0.16,26.78,1632,1506.24
19,85558,11.19,0.32,20.38,0.08,12.83,1152,2633.61
20,88238,28.45,0.13,74.78,0.82,23.56,2887,2866.61
21,159466,49.35,0.19,47.39,0.3,20.06,687,1457.49
22,89318,20.11,0.18,60.21,0.55,19.01,401,53.35
23,251450,43.97,0.39,8.38,0.3,0.76,969,2281.65
24,271385,25.95,0.49,135.7,0.07,1.55,2024,89.09
25,304219,53.17,0.37,145.67,0.33,8.83,247,806.39
26,206719,0.59,0.02,176.51,0.06,2.82,2529,1548.41
27,181024,57.48,0.49,102.82,0.97,24.52,628,157.27
28,340742,43.49,0.08,196.07,0.79,2.93,363,297.66
29,155475,46.1,0.4,119.81,0.77,24.86,773,3173.2
30,270056,37.65,0.27,190.28,0.99,9.76,1104,2851.12
31,254070,39.83,0.34,149.64,0.99,9.6,364,1464.85
32,135519,57.34,0.25,49.51,0.53,26.88,800,869.5
33,262077,45.67,0.04,44.09,0.18,3.12,270,495.49
34,41977,21.55,0.22,17.68,0.15,24.43,1659,2662.21
35,215385,47.92,0.21,168.18,0.31,22.13,2941,2186.16
36,31616,20.85,0.35,30.41,0.31,26.86,2510,2146.33
37,170481,7.7,0.28,113.55,0.5,5.46,2541,1758.12
38,215805,4.86,0.28,186.54,0.66,3.6,109,900.73
39,161191,42.41,0.32,115.34,0.13,22.64,2467,1431.37
40,147814,23.06,0.12,189.35,0.43,23.14,2259,1376.46
41,178450,44.25,0.39,53.48,0.1,16.28,2354,2157.74
42,58197,10.52,0.19,49.93,0.95,18.55,2857,1418.01
43,281975,58.11,0.05,96.43,0.17,10.41,771,2734.45
44,157750,41.85,0.48,57.15,0.41,18.36,2140,1134.55
45,224778,40.87,0.07,71.06,0.62,7.42,779,1194.73
46,173798,23.03,0.49,116.65,0.75,11.68,1152,856.54
47,144527,41.56,0.13,160.88,0.18,29.58,1848,960.21
48,97877,9.6,0.03,177.24,0.11,24.0,122,1139.82
49,206207,55.86,0.07,33.47,0.06,14.78,982,1313.6
50,183642,7.28,0.11,72.51,0.29,0.14,1928,1518.25
51,95580,39.05,0.0,28.6,0.06,23.98,2725,3045.45
52,130416,36.62,0.41,159.66,0.2,29.99,1687,1283.11
53,160092,49.07,0.14,30.74,0.16,18.88,2102,963.76
54,250925,47.85,0.23,179.07,0.1,18.29,476,226.23
55,286298,42.49,0.33,157.86,0.7,7.26,545,674.44
56,322027,41.0,0.14,171.75,0.59,3.04,2945,2933.62
57,134781,29.27,0.45,68.42,0.78,16.0,1574,403.64
58,118446,7.87,0.03,100.02,0.25,12.85,2058,2154.94
59,148058,34.93,0.45,182.76,0.87,26.92,1016,2009.7
60,150200,13.21,0.26,108.85,0.63,10.13,1016,224.22
61,235796,22.33,0.2,106.31,0.96,0.39,65,677.75
62,72485,10.45,0.24,10.07,0.25,13.53,1449,2287.03
63,50082,7.9,0.14,131.63,0.6,25.85,501,1414.61
64,63653,28.88,0.39,42.49,0.05,26.99,838,3032.21
65,132285,47.09,0.15,16.83,0.85,19.54,1096,1730.65
66,42416,9.82,0.01,35.85,0.54,19.56,1281,615.41
67,47847,12.34,0.46,70.16,0.28,24.09,350,256.2
68,46680,0.7,0.3,158.55,0.66,26.32,67,1093.03
69,257518,41.33,0.17,100.49,0.2,6.93,2283,1035.28
70,118455,36.46,0.1,79.81,0.48,22.82,2726,2302.04
71,249445,52.6,0.0,54.4,0.55,8.04,370,1228.86
72,108707,32.02,0.22,93.0,0.02,24.68,257,434.01
73,250996,21.32,0.21,108.06,0.09,0.39,2202,1820.55
74,137962,14.33,0.1,3.02,0.13,4.23,2942,3135.86
75,119786,46.6,0.02,85.79,0.4,28.62,1166,559.31
76,214070,37.38,0.15,138.47,0.76,13.75,1074,514.75
77,98296,24.25,0.36,139.93,0.36,26.73,276,599.51
78,72157,0.19,0.36,80.04,0.74,14.62,1272,1171.29
79,14269,8.53,0.45,68.68,0.35,28.15,1036,2823.81
80,212235,39.37,0.14,122.37,0.81,13.6,2824,3095.45
81,217948,53.05,0.47,101.1,0.89,16.83,1749,1211.85
82,63900,12.64,0.21,54.39,0.6,19.3,2607,1368.13
83,283028,56.68,0.03,118.63,0.33,11.29,1094,910.96
84,119731,5.36,0.03,176.6,0.23,18.7,873,3010.4
85,250916,59.26,0.3,62.77,0.83,11.24,432,323.73
86,279656,42.33,0.27,124.26,0.64,5.45,377,990.28
87,152208,32.88,0.03,166.19,0.99,23.66,2442,860.36
88,166535,58.16,0.46,6.23,0.57,18.87,1492,1832.87
89,170712,3.62,0.21,154.56,0.52,7.51,100,2074.42
90,114963,37.03,0.32,49.8,0.17,22.53,61,1140.99
91,343367,52.08,0.36,144.92,0.73,2.41,716,1821.54
92,90771,29.37,0.24,10.37,0.06,21.24,442,745.21
93,225912,36.11,0.33,161.68,0.74,13.57,28,2705.63
94,9036,5.74,0.32,74.29,0.31,28.49,1968,1982.66
95,55609,5.22,0.32,134.57,0.68,24.54,2399,3140.43
96,60247,16.45,0.14,45.97,0.75,20.03,593,1166.61
97,289753,51.09,0.15,87.64,0.71,4.59,1399,875.73
98,189490,19.62,0.15,114.61,0.74,7.78,485,2529.64
99,252883,48.36,0.04,16.55,0.01,3.41,2299,3154.99
100,227072,12.94,0.24,139.43,0.42,1.69,693,2565.84
101,194077,39.47,0.28,119.86,0.14,17.5,1553,2506.11
102,175813,43.99,0.29,187.81,0.23,28.24,688,2428.38
103,136226,59.26,0.03,57.53,0.39,29.1,142,2186.97
104,118408,28.48,0.3,161.33,0.68,26.87,2475,2430.46
105,192619,40.81,0.41,85.52,0.36,14.68,2305,2548.45
106,151071,4.14,0.15,78.91,0.33,4.1,1239,1776.95
107,178632,28.86,0.49,131.9,0.23,16.25,2933,2997.02
108,260823,48.89,0.17,92.85,0.78,8.12,306,42.5
109,236175,52.65,0.31,2.75,0.41,5.6,2104,3085.93
110,298304,32.86,0.25,141.75,0.12,0.76,1013,1596.7
111,136020,37.99,0.03,112.68,0.8,23.17,919,1851.4
112,143800,9.01,0.36,42.94,0.11,4.6,2272,2636.47
113,34991,20.47,0.48,6.01,0.01,24.41,2376,70.34
114,132598,6.3,0.3,164.28,0.58,15.05,2400,988.54
115,196352,47.1,0.14,180.48,0.4,25.39,48,1377.1
116,220949,36.0,0.12,125.69,0.81,10.78,2868,2641.41
117,135953,33.01,0.2,96.91,0.65,20.15,2318,2498.18
118,187656,7.1,0.1,114.79,0.55,2.48,2584,2541.23
119,178233,31.87,0.25,156.75,0.41,18.96,1320,2374.39
120,195409,36.84,0.1,92.8,0.91,12.03,1323,2988.91
121,85503,44.98,0.27,20.51,0.44,26.61,1362,1561.28
122,285650,55.37,0.06,185.83,0.14,17.15,1502,525.67
123,309813,35.89,0.36,194.94,0.4,5.26,1244,1678.95
124,169557,10.83,0.17,146.54,0.89,9.13,534,1297.51
125,194487,23.63,0.5,55.06,0.4,3.53,155,1157.33
126,230924,32.53,0.24,83.84,0.64,4.68,1005,1172.12
127,160106,18.38,0.37,30.09,0.12,4.93,639,1127.14
128,143668,42.5,0.17,126.05,0.12,27.25,1255,1518.51
129,132537,22.55,0.25,32.88,0.71,10.26,1787,1765.4
130,175255,47.21,0.27,131.73,0.34,23.92,1649,611.97
131,255333,52.1,0.23,8.07,0.55,2.74,1729,1340.59
132,139008,15.13,0.25,15.36,0.19,5.72,1074,2141.81
133,137653,15.59,0.43,32.09,0.53,6.79,193,1301.68
134,150156,59.69,0.15,62.38,0.32,27.89,441,1594.21
135,191037,55.25,0.3,174.11,0.58,28.91,420,2855.9
136,120340,30.43,0.01,124.75,0.96,23.69,1151,1021.52
137,254624,58.15,0.27,149.68,0.43,19.09,1269,1907.34
138,281490,55.62,0.36,42.16,0.02,4.51,1104,2250.5
139,71342,24.81,0.37,46.5,0.56,23.07,1961,2570.15
140,82411,7.66,0.48,97.45,0.68,17.81,709,1307.84
141,347476,59.65,0.18,111.36,0.81,1.83,1158,266.42
142,50418,23.67,0.34,23.32,0.35,24.64,2416,2691.51
143,168790,19.62,0.27,167.63,0.67,15.83,744,103.91
144,211545,56.24,0.29,70.98,0.64,16.79,188,1789.24
145,82202,37.96,0.02,61.96,0.68,27.74,953,1352.6
146,130898,54.54,0.28,53.9,0.44,27.16,2744,2606.8
147,255252,49.05,0.16,89.81,0.7,8.55,324,23.55
148,226931,51.72,0.01,113.16,0.39,16.7,2850,1141.67
149,88686,24.09,0.35,106.26,0.06,25.67,862,251.23
150,72899,32.22,0.45,18.28,0.09,24.24,2313,1609.2
151,156886,32.7,0.29,51.07,0.33,13.22,1211,1583.44
152,129627,9.65,0.24,11.24,0.61,2.71,2135,756.72
153,175197,53.65,0.37,103.84,0.7,23.84,2413,2965.07
154,101119,0.56,0.25,183.28,0.34,19.58,1280,1792.37
155,217230,46.41,0.19,48.68,0.96,8.46,2198,1068.95
156,301850,47.69,0.48,138.79,0.23,6.73,2686,1484.6
157,206238,26.92,0.11,193.15,0.17,16.56,2900,871.41
158,90201,33.64,0.04,124.55,0.96,29.53,1448,116.29
159,185625,30.15,0.3,104.95,0.36,12.76,845,2993.67
160,28914,15.49,0.22,51.92,0.57,26.32,1847,762.68
161,235689,55.67,0.35,86.8,0.17,15.26,85,54.12
162,97031,24.56,0.15,44.47,0.19,18.93,1716,1300.26
163,393914,58.49,0.06,178.08,0.38,1.38,2635,2411.12
164,119643,1.28,0.04,52.86,0.2,5.55,2985,2628.71
165,108432,2.36,0.19,62.56,0.42,8.8,452,2728.14
166,158990,18.33,0.43,102.12,0.55,10.89,73,1474.28
167,274622,18.2,0.39,187.1,0.2,1.99,1848,2794.76
168,180023,38.2,0.48,115.37,0.88,17.5,2735,225.76
169,244496,7.96,0.14,175.47,0.08,1.12,2637,2576.38
170,292330,59.51,0.42,80.64,0.69,7.3,947,1798.75
171,102707,31.19,0.07,65.06,0.05,23.29,332,982.68
172,146176,25.67,0.44,173.22,0.58,21.87,468,2018.03
173,102803,13.1,0.49,30.97,0.77,10.75,1031,993.19
174,41789,7.95,0.17,135.48,0.78,27.88,309,1862.86
175,55088,18.68,0.34,55.67,0.27,24.39,306,394.62
176,124277,21.73,0.28,8.05,0.72,8.91,1717,2194.28
177,170390,20.05,0.3,179.59,0.43,16.63,2272,1552.23
178,169485,13.15,0.15,116.74,0.48,8.4,2986,503.05
179,87091,13.0,0.11,177.9,0.76,25.87,678,1759.61
180,139667,28.8,0.35,112.14,0.06,21.07,2718,2176.8
181,206986,38.98,0.48,191.52,0.34,21.4,477,822.89
182,95297,16.36,0.01,59.88,0.31,16.66,1860,2473.09
183,138118,27.08,0.4,134.73,0.59,20.76,2532,1575.57
184,193032,4.39,0.19,176.58,0.8,5.64,848,1638.2
185,35009,2.22,0.1,39.8,0.67,18.23,471,3098.65
186,268576,46.15,0.01,164.71,0.82,11.97,223,709.69
187,99872,26.04,0.47,46.76,0.85,17.92,1962,1318.46
188,169119,15.59,0.21,167.7,0.0,15.32,1321,532.92
189,168632,4.77,0.25,110.53,0.23,5.17,2436,2699.78
190,205285,50.52,0.49,85.22,0.04,17.91,2251,1831.31
191,124960,8.78,0.23,46.89,0.52,7.27,666,669.91
192,249394,51.07,0.04,148.58,0.73,15.56,1769,1858.46
193,186589,14.8,0.2,127.08,0.68,7.15,1444,1236.68
194,284110,55.69,0.38,186.75,0.04,17.42,2782,498.22
195,86494,42.54,0.33,42.1,0.17,28.62,797,2263.13
196,185336,26.21,0.36,67.49,0.73,7.39,1920,417.02
197,188486,30.76,0.26,167.96,0.93,16.84,2263,89.99
198,204376,44.61,0.42,100.53,0.38,16.07,2669,2795.31
199,76035,30.94,0.44,100.26,0.6,29.6,687,2083.11
200,123671,9.52,0.07,187.26,0.54,20.16,2976,1315.02
201,220972,59.2,0.25,97.02,0.34,19.5,2571,2463.14
202,310479,34.8,0.3,187.71,0.42,4.18,838,2445.11
203,114024,31.74,0.24,96.61,0.69,23.25,865,2098.63
204,140171,10.78,0.17,38.19,0.16,5.87,1484,2995.72
205,155919,4.41,0.08,179.58,0.54,12.38,1998,540.35
206,126932,1.15,0.29,132.7,0.19,11.52,1089,2453.92
207,184412,43.77,0.43,174.14,0.77,24.57,2164,1106.01
208,137290,2.89,0.1,141.03,0.4,11.25,1733,1639.23
209,154552,53.88,0.24,77.12,0.9,24.32,757,669.78
210,278912,41.71,0.04,90.8,0.39,2.28,1061,311.61
211,183431,40.81,0.18,151.74,0.9,21.11,2911,1747.99
212,147369,37.91,0.09,31.9,0.44,15.36,138,2764.13
213,366558,48.18,0.0,193.55,0.57,1.69,1992,163.92
214,61410,5.49,0.22,147.74,0.92,24.11,69,3127.8
215,273008,44.21,0.16,168.02,0.24,11.9,1755,57.86
216,166722,32.15,0.34,174.13,0.5,22.42,907,1683.03
217,187806,20.51,0.11,57.84,0.67,3.4,861,23.88
218,147678,36.21,0.27,44.54,0.44,15.77,847,325.91
219,5483,4.35,0.32,13.81,0.44,22.22,615,1083.22
220,169798,29.32,0.37,135.39,0.11,18.19,2745,1554.83
221,221390,33.32,0.13,124.09,0.28,10.68,428,2617.03
222,261429,43.41,0.08,161.02,0.27,12.52,2330,3155.77
223,219260,14.21,0.35,164.48,0.29,6.39,1545,1741.2
224,197033,5.35,0.02,152.12,0.71,3.59,2022,618.69
225,16825,14.16,0.19,64.61,0.19,29.72,2964,976.32
226,177071,25.69,0.12,25.2,0.67,3.84,2558,2042.32
227,129934,5.73,0.14,133.44,0.22,13.12,102,2304.36
228,355017,53.65,0.07,132.33,0.27,1.23,2205,2645.98
229,105098,41.78,0.17,55.26,0.99,24.25,2825,602.57
230,256235,58.54,0.42,25.1,0.25,7.74,868,768.78
231,85286,36.38,0.25,13.23,0.54,23.08,472,2656.65
232,297762,53.53,0.4,68.79,0.23,3.82,1075,1024.96
233,52647,21.61,0.03,34.14,0.85,22.36,1439,778.0
234,194690,32.4,0.42,37.13,1.0,5.23,942,460.4
235,177533,10.19,0.22,177.62,0.65,11.16,2084,1474.15
236,165427,11.11,0.13,134.54,0.57,11.24,1094,1581.99
237,63009,20.37,0.06,73.91,0.83,23.86,181,2632.5
238,203825,0.38,0.34,152.89,0.31,1.22,2953,1619.34
239,87100,3.89,0.2,24.08,0.92,7.74,1365,2782.53
240,142538,31.1,0.5,196.11,0.33,28.42,86,2105.44
241,104670,15.28,0.22,131.41,0.24,21.6,1397,1111.32
242,151747,58.19,0.35,7.8,0.1,22.52,2575,764.3
243,202653,9.23,0.49,122.66,0.58,2.31,1074,848.55
244,208428,38.17,0.14,10.12,0.19,4.99,1081,1439.37
245,99898,16.93,0.44,32.27,0.6,13.38,959,2097.4
246,148797,13.98,0.03,84.55,0.33,9.35,2827,312.35
247,123394,20.98,0.26,51.93,0.82,12.72,1882,1572.26
248,311136,34.92,0.22,179.13,0.4,2.92,662,1315.61
249,61962,37.57,0.26,34.34,0.93,27.85,899,2485.83
250,102664,0.3,0.06,112.68,0.24,13.25,880,262.2
251,243261,11.75,0.31,170.51,0.55,1.36,422,498.72
252,99663,2.74,0.06,70.88,0.62,10.17,56,826.56
253,96528,8.01,0.27,163.46,0.55,21.85,1391,2421.73
254,101212,9.14,0.38,8.01,0.66,7.27,2374,2072.7
255,120277,8.23,0.32,176.92,0.8,18.73,2463,2308.64
256,127393,22.4,0.1,121.37,0.69,18.6,1520,174.43
257,110699,37.09,0.13,90.26,0.16,26.7,283,3030.89
258,199366,2.49,0.38,152.46,0.6,2.74,2738,2898.92
259,121057,52.85,0.17,12.8,0.85,22.85,2276,1933.77
260,107868,50.95,0.39,2.43,0.41,25.99,815,469.17
261,214058,51.73,0.48,12.51,0.7,9.54,1041,2611.06
262,194902,46.79,0.14,132.84,0.58,20.73,524,27.58
263,200610,54.0,0.25,91.92,1.0,18.61,2156,2943.34
264,299259,26.37,0.39,189.43,0.42,1.9,65,2011.21
265,37010,1.87,0.43,11.55,0.91,14.78,1385,1655.27
266,122626,24.59,0.17,78.58,0.2,18.09,1908,1582.71
267,94807,19.48,0.48,59.99,0.99,17.1,2689,3100.21
268,310528,37.48,0.0,164.14,0.89,1.64,2201,2497.51
269,49246,2.12,0.21,50.23,0.31,17.49,455,2141.29
270,50439,12.03,0.26,138.41,1.0,28.08,1510,678.66
271,313444,58.87,0.03,52.05,0.99,0.5,176,2725.06
272,305355,54.74,0.01,159.25,0.06,11.65,1191,406.75
273,128926,13.8,0.02,121.55,0.56,15.08,1201,2273.35
274,248667,58.26,0.03,66.49,0.83,10.99,1177,2928.93
275,352197,41.54,0.22,181.22,0.36,1.74,2404,2917.71
276,215891,33.94,0.16,107.67,0.83,9.03,231,556.68
277,196353,43.32,0.33,79.03,0.92,13.08,1471,376.01
278,258744,40.01,0.14,88.46,0.92,3.03,2526,863.18
279,267387,52.29,0.22,101.13,0.19,10.48,2159,2774.44
280,206466,36.21,0.26,131.81,0.74,13.91,2556,1686.42
281,207978,45.74,0.4,107.19,0.36,16.62,638,435.38
282,292916,58.63,0.2,91.03,0.13,8.57,1080,1559.6
283,78143,11.28,0.14,166.59,0.3,26.89,437,1185.57
284,107761,18.19,0.18,79.57,0.72,16.11,1101,1721.9
285,233621,43.06,0.36,39.28,0.73,4.56,2440,1120.02
286,286282,38.31,0.23,178.17,0.73,7.32,1420,1430.0
287,103188,6.98,0.37,4.99,0.67,5.6,1075,2271.16
288,103013,13.9,0.19,50.62,0.04,14.17,2283,2026.17
289,72042,49.04,0.35,1.67,0.88,28.88,2051,231.08
290,82517,12.91,0.34,181.84,0.44,28.19,2488,2821.23
291,267703,57.78,0.04,172.93,0.4,18.54,640,2010.26
292,217186,8.38,0.48,141.48,0.07,2.52,2867,2247.68
293,97194,3.68,0.26,143.21,0.46,17.87,1130,2400.51
294,8549,5.63,0.27,105.54,0.83,29.6,445,12.54
295,153664,26.75,0.43,149.67,0.54,19.91,1131,2562.62
296,151333,27.69,0.49,2.16,0.56,7.55,831,857.75
297,125102,32.51,0.12,159.34,0.81,28.52,479,2927.47
298,65392,25.92,0.38,6.53,0.95,19.91,2650,2536.13
299,83589,3.74,0.15,185.73,0.0,25.25,1548,1053.04
300,260449,24.76,0.15,161.09,0.34,4.2,2078,1707.14
301,138225,5.58,0.45,5.15,0.26,0.67,1820,413.01
302,288275,45.16,0.12,129.86,0.01,7.26,2734,2837.11
303,194818,23.96,0.48,184.15,0.33,15.98,1219,1847.0
304,76885,16.14,0.39,40.86,0.12,18.45,2682,749.84
305,190049,59.48,0.4,35.1,0.21,19.23,2760,210.0
306,229244,25.27,0.43,83.93,0.63,1.41,282,273.29
307,190964,40.36,0.38,42.33,0.22,11.23,2268,3198.27
308,78242,21.21,0.4,61.29,0.72,21.12,2688,303.52
309,214545,48.71,0.2,91.82,0.55,14.95,1893,745.29
310,201878,54.93,0.01,13.67,0.3,12.96,1032,935.2
311,210985,20.22,0.45,180.19,0.95,10.22,402,112.51
312,225967,59.08,0.22,21.17,0.31,12.02,229,275.57
313,191353,58.55,0.41,156.39,0.81,28.65,1533,3079.48
314,110777,41.7,0.05,50.65,0.65,24.28,2347,510.93
315,182498,10.49,0.27,165.37,0.37,9.71,813,1082.78
316,207760,31.06,0.14,15.14,0.6,1.08,1868,2904.84
317,310338,43.98,0.44,164.89,0.08,6.15,2794,2944.12
318,90600,15.41,0.14,29.46,0.43,14.06,2243,827.38
319,40835,9.53,0.4,42.23,0.57,20.84,748,788.31
320,105004,17.57,0.01,44.25,0.5,13.57,1015,167.47
321,179119,1.99,0.24,180.35,0.35,8.6,1388,2641.71
322,121121,49.48,0.41,74.22,0.34,28.87,737,1426.84
323,199495,4.9,0.21,160.9,0.41,4.69,1443,478.02
324,307291,43.59,0.41,125.96,0.03,2.98,258,1344.8
325,229134,27.11,0.46,172.44,0.86,10.45,2901,1484.19
326,243574,20.87,0.27,184.15,0.13,7.55,2104,2267.47
327,258589,57.95,0.26,122.29,0.25,15.98,1872,1696.17
328,115744,47.93,0.47,57.49,0.56,26.84,1108,2166.8
329,250698,41.13,0.44,67.44,0.16,5.08,1008,2344.36
330,94206,27.13,0.02,46.4,0.34,20.18,1545,2798.07
331,314584,53.16,0.43,147.58,0.41,7.76,962,2058.97
332,205466,2.17,0.1,153.89,0.05,2.61,2603,2294.98
333,157453,25.53,0.33,143.28,0.35,18.48,2341,2799.25
334,209804,34.02,0.11,3.83,0.91,0.36,1216,1728.7
335,139837,40.06,0.43,160.56,0.48,29.79,551,2378.73
336,174375,30.94,0.41,198.14,0.55,22.85,68,2954.52
337,336375,45.66,0.43,140.43,0.41,0.46,2624,2296.2
338,160088,6.42,0.32,176.34,0.81,11.6,1624,63.91
339,179260,22.92,0.18,95.47,0.2,10.06,2607,643.76
340,130072,20.07,0.47,117.67,0.96,16.99,1148,2748.74
341,231910,17.85,0.3,111.41,0.36,0.81,2004,3056.56
342,59277,10.08,0.45,107.6,0.67,23.51,1903,1079.93
343,236070,27.28,0.3,116.19,0.68,4.29,1168,1204.03
344,19264,9.57,0.36,13.29,0.94,21.44,1332,2791.66
345,146571,59.69,0.4,51.74,0.3,27.23,2603,2910.61
346,171855,33.31,0.08,146.3,0.39,20.04,207,2261.77
347,219391,27.02,0.19,125.47,0.51,7.57,2497,1157.66
348,164960,3.51,0.13,151.46,0.34,8.22,372,1300.37
349,142774,25.57,0.48,100.3,0.93,15.69,258,637.3
350,30270,10.02,0.33,3.08,0.61,19.13,1777,857.59
351,114085,18.97,0.08,152.87,0.1,23.75,1467,2312.59
352,162156,35.67,0.25,72.28,0.78,14.78,1789,3119.23
353,36176,8.12,0.2,10.26,0.65,17.71,2542,421.47
354,15551,0.73,0.1,113.59,0.63,27.67,1860,1895.98
355,299105,39.56,0.43,160.2,0.42,5.45,1614,177.15
356,243359,26.63,0.42,199.13,0.4,11.12,1401,2567.28
357,208125,1.82,0.29,188.34,0.87,3.34,1847,327.46
358,146499,25.05,0.23,40.53,0.63,9.93,459,559.3
359,121134,39.07,0.44,31.24,0.52,19.48,2679,346.88
360,125676,41.27,0.44,71.38,0.13,24.52,2880,745.66
361,283817,38.46,0.01,154.55,0.94,5.13,1191,1503.37
362,200798,18.44,0.48,151.86,0.91,8.2,2332,1287.23
363,250838,38.45,0.06,147.81,0.79,9.67,1371,2376.44
364,223061,50.39,0.17,5.73,0.29,7.36,2970,2863.19
365,96264,29.29,0.22,57.59,0.25,22.32,1093,1904.89
366,110749,20.77,0.13,150.15,0.27,24.51,2371,1490.32
367,219589,28.04,0.25,136.02,0.06,9.76,751,809.08
368,46438,5.09,0.3,131.74,0.32,26.16,2397,1654.82
369,137079,56.03,0.19,2.88,0.18,22.57,1381,1128.09
370,210989,54.11,0.42,65.36,0.19,16.28,478,3036.13
371,240951,49.55,0.33,88.78,0.51,11.03,881,461.8
372,169680,29.79,0.25,90.01,0.6,13.04,2810,486.34
373,387063,48.34,0.11,199.53,0.14,0.33,579,2269.75
374,98047,45.93,0.09,16.7,0.98,23.98,627,2584.65
375,197392,33.05,0.33,121.35,0.68,12.81,755,1095.12
376,148897,12.72,0.48,124.8,0.56,12.1,1388,2061.48
377,69181,13.43,0.09,142.81,0.07,27.89,1586,2930.61
378,314438,39.53,0.38,166.57,0.27,4.68,2666,1601.98
379,203010,32.37,0.43,35.87,0.87,3.66,2569,1353.42
380,198736,29.22,0.21,77.46,0.01,8.4,2667,1611.9
381,217594,26.36,0.46,95.12,0.35,5.34,1134,598.1
382,184906,57.39,0.4,59.27,0.12,21.22,1115,1543.98
383,33873,7.73,0.31,4.38,0.09,18.97,1781,299.39
384,183139,42.85,0.04,74.51,0.48,15.49,1796,2983.25
385,146204,2.2,0.2,199.78,0.25,15.16,2867,826.33
386,64612,12.06,0.04,0.13,0.33,13.88,2427,1175.49
387,197909,17.84,0.28,86.55,0.24,4.18,1989,1806.7
388,36679,11.85,0.13,112.44,0.14,29.91,2658,1169.17
389,253951,57.91,0.45,123.91,0.39,16.49,2651,1577.7
390,341853,44.25,0.45,187.66,0.07,4.58,2228,1992.24
391,245231,33.58,0.24,170.99,0.21,11.27,196,2469.88
392,161398,14.02,0.35,185.42,0.96,15.1,815,1447.09
393,259226,36.9,0.32,161.14,0.38,10.0,348,31.9
394,264033,38.23,0.4,165.31,0.29,10.37,2697,2596.69
395,196377,18.62,0.45,83.85,0.41,4.2,188,2814.06
396,100723,34.05,0.1,77.88,0.57,24.68,1065,2720.42
397,178087,7.85,0.3,111.47,0.05,5.32,2715,341.83
398,112094,23.49,0.21,134.22,0.76,22.91,2311,1861.08
399,150658,29.54,0.21,132.39,0.4,20.49,706,2714.25
400,56382,8.55,0.32,66.73,0.13,21.06,2997,2594.99
401,287277,39.53,0.2,129.73,0.55,3.56,24,1492.4
402,351931,48.04,0.0,193.61,0.4,3.81,2883,3047.23
403,275048,50.69,0.5,139.29,0.45,11.1,2757,785.45
404,161104,53.2,0.39,94.19,0.12,26.32,2777,1233.77
405,4863,1.95,0.42,82.39,0.12,29.0,25,1966.4
406,82470,44.14,0.23,27.09,0.67,27.43,2601,2046.0
407,246811,39.1,0.33,78.21,0.02,5.86,759,269.48
408,299260,47.65,0.19,198.07,0.05,12.76,1417,373.59
409,327527,52.75,0.45,117.52,0.75,1.91,2300,2799.18
410,122722,42.54,0.47,44.02,0.83,21.78,2725,44.85
411,151747,13.47,0.1,48.4,0.5,4.84,919,3089.44
412,5620,1.07,0.44,54.22,0.6,24.46,739,2912.63
413,74832,22.11,0.3,46.84,0.32,21.67,2686,3150.64
414,108466,8.93,0.15,65.04,0.55,11.39,2580,1452.67
415,206679,36.43,0.18,148.33,0.98,14.76,2475,689.48
416,111832,38.52,0.3,97.88,0.21,27.8,1105,2676.13
417,38196,0.73,0.13,62.78,0.68,18.83,2785,1648.62
418,315591,52.08,0.44,117.39,0.8,3.51,48,3124.77
419,200703,29.9,0.48,34.19,0.76,3.53,158,2321.5
420,28181,5.32,0.41,4.74,0.4,18.02,2887,442.87
421,148487,57.4,0.08,66.88,0.12,27.52,1354,810.24
422,304892,55.99,0.35,173.68,0.75,11.49,675,2901.97
423,345908,59.83,0.46,122.11,0.06,4.82,2641,2299.84
424,194620,50.52,0.02,80.64,0.92,16.95,491,1942.31
425,62384,7.77,0.44,42.88,0.71,16.18,2086,958.15
426,33131,23.86,0.15,48.31,0.36,29.19,1540,2489.55
427,148908,53.32,0.4,54.16,0.29,24.22,2007,320.5
428,220577,47.32,0.38,20.05,0.79,6.19,602,549.37
429,177686,27.76,0.04,115.76,0.05,14.2,855,2739.69
430,123079,44.18,0.16,65.33,0.36,24.79,18,779.09
431,146265,42.28,0.17,119.37,0.78,24.66,2194,848.15
432,268209,36.91,0.24,119.04,0.17,4.91,2087,152.9
433,221399,32.8,0.32,98.51,0.65,7.75,1607,385.54
434,320793,53.03,0.08,182.91,0.55,9.43,1579,343.84
435,121011,25.3,0.03,76.56,0.63,17.57,2429,405.77
436,232121,52.42,0.03,59.46,0.29,11.66,329,1822.39
437,189217,28.84,0.09,104.29,0.67,10.91,842,1589.58
438,174797,14.47,0.17,138.21,0.51,10.05,1969,2478.89
439,190238,47.73,0.08,70.24,0.86,15.96,1131,888.07
440,74472,35.12,0.49,48.3,0.38,27.16,545,67.68
441,123863,37.0,0.06,126.28,0.97,25.59,1244,251.61
442,212758,59.27,0.29,81.36,0.69,19.0,931,1602.81
443,118225,47.85,0.3,101.56,0.88,29.7,989,62.88
444,110748,47.14,0.4,7.88,0.75,22.14,2881,2420.34
445,135127,4.86,0.18,34.7,0.05,3.36,151,1466.26
446,57216,3.43,0.01,72.09,0.64,17.2,41,655.93
447,163470,18.06,0.39,165.71,0.69,15.89,791,1882.98
448,268114,38.35,0.16,172.89,0.18,10.53,1053,3020.05
449,96849,52.48,0.23,41.07,0.93,29.09,1420,1133.01
450,113309,15.59,0.07,82.24,0.04,16.31,1093,858.52
451,139411,13.6,0.37,37.05,0.91,5.31,959,2283.54
452,224263,48.02,0.14,57.14,0.18,10.93,1173,3093.09
453,181061,39.89,0.0,91.66,0.8,15.35,989,862.21
454,125801,4.17,0.0,43.74,0.75,3.62,2241,1820.2
455,308471,58.19,0.28,68.38,0.87,2.55,2656,363.67
456,303058,58.28,0.33,43.74,0.2,3.02,959,3040.89
457,388244,59.2,0.14,167.42,0.32,1.73,1216,571.26
458,188904,49.73,0.17,199.23,0.84,27.92,413,1034.06
459,128132,2.37,0.07,70.59,0.19,6.37,1410,2415.45
460,40447,12.96,0.13,55.49,0.2,24.3,170,895.25
461,165698,21.04,0.17,160.71,0.58,16.28,2665,2996.78
462,126689,25.85,0.08,165.08,0.3,25.75,44,1741.15
463,29653,4.28,0.49,34.5,0.12,20.9,1850,405.99
464,291348,44.02,0.11,163.48,0.11,9.04,1929,186.36
465,217007,36.04,0.24,101.97,0.51,10.68,2379,2064.76
466,133679,44.25,0.49,13.45,0.95,17.59,2063,2072.06
467,105735,31.14,0.41,57.3,0.6,20.94,2089,672.38
468,218742,30.89,0.39,37.54,0.84,0.7,2550,2709.71
469,170674,1.9,0.4,86.69,0.08,1.55,2354,54.3
470,173726,17.79,0.48,196.71,0.19,18.2,2707,623.49
471,293197,41.85,0.36,141.09,0.71,4.35,1236,1382.62
472,196462,17.09,0.11,194.62,0.75,12.44,2775,1079.08
473,87366,6.63,0.13,193.0,0.98,24.07,2699,3153.92
474,134266,46.26,0.29,108.18,0.76,27.45,1876,2073.7
475,272251,32.48,0.26,137.03,0.31,4.13,2257,1457.26
476,204872,50.79,0.46,187.7,0.34,26.94,1986,241.32
477,135427,16.02,0.24,53.77,0.92,8.55,1917,1155.89
478,74981,7.69,0.5,186.51,0.38,27.45,1226,2326.92
479,210875,39.01,0.15,192.67,0.65,20.45,2581,282.06
480,10677,23.31,0.29,6.35,0.78,28.51,1221,454.98
481,276332,56.58,0.29,32.24,0.18,4.46,2170,3195.39
482,270534,27.69,0.47,186.86,0.88,5.36,2703,2230.44
483,44571,14.35,0.01,52.21,0.92,21.93,2131,2189.47
484,263822,47.79,0.05,106.5,0.38,8.83,1876,1058.93
485,117710,43.68,0.03,19.07,0.73,20.65,2624,2382.21
486,122946,59.96,0.31,35.87,0.68,28.87,1966,537.98
487,202136,48.1,0.31,13.74,0.63,9.69,220,2131.03
488,163143,34.31,0.43,2.26,0.48,8.66,2889,1313.92
489,101347,32.35,0.5,87.95,0.18,25.94,2243,1588.85
490,214615,43.93,0.12,124.97,0.15,17.96,2131,461.57
491,308131,52.72,0.41,73.69,0.65,1.11,342,2039.37
492,57799,5.26,0.38,6.09,0.38,12.95,1986,2383.2
493,119558,12.11,0.27,185.64,0.99,21.19,1869,2150.59
494,263952,44.88,0.14,76.92,0.16,5.29,2144,1627.13
495,331853,43.71,0.09,166.73,0.89,1.97,969,603.2
496,248282,59.88,0.42,131.35,0.78,17.94,213,2184.55
497,61652,4.0,0.48,23.74,0.49,13.86,81,2452.32
498,175908,3.49,0.0,198.02,0.51,10.47,226,889.25
499,126895,48.96,0.12,23.27,0.38,22.5,280,2963.82
500,211719,40.68,0.36,116.89,0.09,14.92,179,2341.99
501,145196,24.18,0.03,75.95,0.96,11.94,954,3024.05
502,77782,15.39,0.31,68.53,0.28,20.15,208,338.58
503,106742,1.45,0.19,194.76,0.48,19.91,2053,2767.98
504,102173,24.41,0.02,133.55,0.16,26.06,1628,2000.29
505,80258,16.61,0.27,164.37,0.57,28.21,990,2773.11
506,344210,56.44,0.01,180.85,0.45,7.87,825,803.81
507,265348,55.84,0.33,32.14,0.84,4.82,1552,1908.03
508,125297,38.75,0.18,13.69,0.11,17.86,2662,1774.79
509,30738,24.51,0.08,16.23,0.95,25.82,1995,2014.99
510,103134,34.72,0.46,84.97,0.6,25.69,835,2524.52
511,267402,43.52,0.44,101.41,0.96,4.89,2262,2045.45
512,63239,2.6,0.2,60.48,0.67,15.61,1947,1248.76
513,181764,1.54,0.29,199.45,0.29,9.29,2835,3104.37
514,77838,41.0,0.36,40.06,0.59,28.29,1961,181.2
515,150668,4.84,0.48,186.08,0.15,14.86,1235,1062.4
516,229804,52.31,0.3,153.3,0.67,19.81,657,1961.97
517,91813,17.73,0.25,71.84,0.91,17.74,1934,82.68
518,238071,24.66,0.15,97.57,0.68,0.86,2772,2773.83
519,123664,14.08,0.33,97.23,0.95,13.42,2064,2315.31
520,227403,23.77,0.24,70.98,0.03,1.36,1391,3157.02
521,285658,55.51,0.21,66.81,0.26,5.5,2628,1433.51
522,187345,17.5,0.26,137.73,0.94,8.81,873,469.15
523,106021,6.27,0.02,14.82,0.15,6.47,70,1720.26
524,14219,11.11,0.08,69.5,0.96,27.77,2175,1357.99
525,171252,15.9,0.33,45.3,0.01,3.74,2500,696.64
526,101084,49.5,0.29,32.05,0.57,27.43,677,1605.44
527,54126,31.82,0.42,16.94,0.16,27.6,1017,2468.71
528,138562,55.92,0.15,49.99,0.32,26.32,1302,2297.82
529,225261,52.4,0.43,146.3,0.47,20.16,1607,588.2
530,95751,19.42,0.02,171.76,0.96,26.96,2938,1536.59
531,121883,19.51,0.29,175.84,0.56,24.1,206,1556.74
532,68155,4.07,0.38,70.76,0.58,16.66,2187,2602.05
533,187590,23.82,0.31,13.39,0.54,0.92,569,642.92
534,300443,41.29,0.02,164.2,0.0,6.88,2833,1298.29
535,226824,52.09,0.22,196.22,0.41,24.38,2142,2517.51
536,50683,7.04,0.33,121.13,0.34,25.53,1260,3161.64
537,246309,51.86,0.45,43.91,0.06,8.42,1798,2132.5
538,79067,36.1,0.06,27.43,0.02,25.57,2044,1773.12
539,235055,48.84,0.12,32.56,0.74,6.05,2400,3010.21
540,116680,43.84,0.16,35.02,0.86,22.45,2187,2505.36
541,139394,7.89,0.02,127.27,0.67,11.58,2427,338.55
542,185444,30.45,0.06,21.08,0.09,5.6,308,1024.05
543,161906,38.85,0.01,17.02,0.52,11.29,1396,2695.02
544,72482,7.21,0.44,114.52,0.47,20.87,2003,796.73
545,189474,27.59,0.19,124.54,0.75,12.36,834,3170.06
546,262027,39.42,0.43,88.42,0.9,2.75,2870,2028.11
547,92646,7.51,0.41,23.44,0.51,9.51,2284,1246.05
548,51581,21.33,0.09,53.19,0.88,24.0,1689,1674.52
549,185353,23.92,0.0,155.05,0.34,15.23,1164,2919.06
550,201904,52.21,0.27,79.52,0.85,16.4,515,2955.94
551,150505,52.41,0.06,15.39,0.61,19.27,471,2283.71
552,187682,35.54,0.07,131.9,0.18,17.26,926,1899.44
553,156763,25.18,0.01,33.15,0.58,7.96,2830,1993.45
554,107440,39.68,0.38,86.25,0.08,28.03,922,1227.55
555,303883,46.03,0.23,120.73,0.82,2.65,2244,851.52
556,278205,49.65,0.18,180.87,0.72,13.88,2231,1488.89
557,118044,13.92,0.06,96.64,0.93,13.77,2869,2724.92
558,178560,1.55,0.34,192.3,0.51,8.66,1443,2648.35
559,128522,52.26,0.2,70.1,0.08,29.28,2446,1813.95
560,189997,47.38,0.0,103.6,0.98,18.35,104,2005.87
561,246240,50.67,0.49,128.35,0.16,15.43,888,2101.0
562,132768,12.81,0.47,36.36,0.13,8.12,2885,1874.09
563,175761,11.17,0.22,166.47,0.98,10.03,661,1413.93
564,136539,37.25,0.28,65.35,0.73,18.99,1553,1330.01
565,247542,27.57,0.04,109.34,0.01,3.32,1607,3189.92
566,10279,3.42,0.15,105.99,0.82,28.51,981,1688.25
567,56057,9.06,0.27,32.27,0.61,17.05,1211,414.02
568,217686,58.13,0.43,175.26,0.28,26.91,1437,1433.87
569,66449,4.62,0.02,83.63,0.81,17.3,2061,362.34
570,251271,47.4,0.45,121.66,0.41,12.31,276,3098.94
571,291991,57.32,0.23,146.6,0.82,11.92,1312,2901.29
572,94756,15.56,0.42,74.94,0.12,17.85,2553,1025.82
573,231173,36.66,0.26,54.73,0.66,4.02,1099,2082.32
574,229473,40.05,0.12,114.86,0.26,11.77,957,2551.75
575,81898,1.57,0.25,79.54,0.43,14.28,66,284.07
576,171241,15.46,0.38,177.83,0.44,14.75,2906,2730.51
577,197249,25.07,0.23,124.73,0.25,10.7,391,523.57
578,45746,11.07,0.36,61.29,0.97,21.57,664,2868.02
579,219266,57.05,0.35,102.99,0.31,19.73,253,1737.41
580,88328,40.83,0.14,0.4,0.5,22.39,1227,3047.24
581,365597,48.47,0.07,192.18,0.42,2.21,1176,2314.66
582,189891,41.73,0.43,10.4,0.35,8.43,2006,178.96
583,122346,45.62,0.41,80.48,0.39,27.19,2494,1890.57
584,234070,14.25,0.36,138.93,0.18,2.08,2958,1643.26
585,346981,51.72,0.37,188.89,0.4,5.99,1172,331.12
586,186425,52.36,0.35,10.11,0.0,14.89,1025,947.77
587,96214,42.95,0.06,64.9,0.08,28.84,2521,1619.65
588,83983,20.76,0.34,54.19,0.8,19.05,918,412.49
589,163504,55.16,0.11,10.05,0.46,18.17,656,2638.45
590,75759,33.69,0.33,36.24,0.34,25.05,1430,793.0
591,212938,39.51,0.18,133.29,0.4,15.08,1822,1156.93
592,195623,33.23,0.41,68.08,0.84,8.51,2261,607.79
593,126391,16.45,0.3,70.85,0.64,11.79,2892,705.51
594,241965,38.55,0.36,185.29,0.36,15.57,2920,1879.58
595,112183,2.52,0.36,93.34,0.69,10.39,2226,2928.44
596,240732,35.78,0.28,83.67,0.27,5.12,2940,1449.23
597,20930,2.38,0.33,107.13,0.48,27.4,255,143.55
598,164122,46.92,0.22,119.38,0.87,23.68,313,168.67
599,203306,48.16,0.12,161.13,0.24,23.13,804,1109.5
600,269006,42.52,0.23,199.91,0.17,14.95,417,120.21
601,43609,3.62,0.35,45.87,0.86,17.82,1574,1288.08
602,170516,59.78,0.36,1.28,0.53,18.72,1013,2734.08
603,256720,53.22,0.28,142.95,0.76,15.07,2718,2693.17
604,251434,59.05,0.26,18.41,0.21,8.14,865,2663.65
605,259457,44.74,0.26,168.84,0.93,12.64,2823,1312.97
606,86279,3.12,0.26,111.81,0.76,16.22,2424,142.68
607,238590,49.07,0.45,79.05,0.38,11.2,48,1669.86
608,189521,39.27,0.44,143.75,0.69,19.49,2063,1705.78
609,186558,23.77,0.43,144.69,0.97,12.31,1469,2622.97
610,36105,2.41,0.01,48.3,0.63,18.78,2106,1994.04
611,99338,35.42,0.25,33.64,0.6,21.48,2265,169.39
612,207450,40.81,0.13,147.77,0.3,18.34,162,2284.67
613,152059,34.81,0.08,175.49,0.34,26.14,1271,434.39
614,96097,52.68,0.2,9.92,0.88,26.9,1993,120.09
615,285988,50.44,0.21,165.46,0.24,12.26,386,2435.22
616,243750,35.29,0.4,120.71,0.47,8.06,501,1717.95
617,301624,52.24,0.14,155.61,0.48,9.57,1137,1510.09
618,179165,25.94,0.05,16.71,0.9,2.81,328,1202.63
619,238256,29.81,0.22,171.96,0.77,9.86,1185,2696.12
620,144500,37.43,0.4,155.41,0.14,27.12,2939,275.63
621,197797,31.51,0.38,12.51,0.09,3.87,528,2555.05
622,109038,4.33,0.06,119.43,0.38,14.23,2415,286.31
623,115400,6.41,0.38,161.8,0.52,18.19,343,609.22
624,43333,35.54,0.43,13.69,0.56,29.15,2838,2697.43
625,39530,10.63,0.15,129.9,0.98,28.42,261,1631.12
626,220783,16.49,0.04,83.72,0.05,0.44,2426,2422.17
627,230921,7.29,0.39,194.23,0.95,2.56,446,2672.78
628,315382,55.14,0.05,132.36,0.63,6.15,2750,801.15
629,180966,49.56,0.25,86.0,0.25,20.37,44,1493.39
630,146835,32.97,0.39,53.1,0.98,14.43,354,1921.71
631,138201,6.25,0.26,115.86,0.31,10.37,1278,1890.77
632,229978,23.93,0.05,124.53,0.29,4.88,282,2521.71
633,248158,58.07,0.39,115.53,0.93,15.57,2785,1189.88
634,140356,37.18,0.41,156.66,0.6,26.84,604,2582.74
635,101059,51.61,0.19,2.0,0.95,24.3,1625,2528.27
636,93754,36.78,0.48,81.55,0.04,28.83,337,213.31
637,202540,22.05,0.48,69.02,0.44,3.45,2309,126.14
638,308113,52.1,0.04,126.48,0.82,5.2,1193,317.56
639,335083,53.69,0.44,131.35,0.94,2.35,1419,1470.6
640,133432,31.14,0.26,36.57,0.9,13.82,2282,2776.71
641,19954,4.09,0.26,6.02,0.88,18.32,1808,2372.19
642,140337,10.02,0.17,13.45,0.12,3.09,867,3089.66
643,179732,59.47,0.41,116.59,0.85,26.62,853,2919.07
644,143127,29.93,0.04,158.31,0.39,23.87,2803,1281.14
645,274690,39.71,0.14,169.02,0.88,8.31,1720,2318.59
646,171752,41.74,0.16,189.35,0.95,26.05,1521,1908.46
647,102962,23.55,0.3,94.85,0.65,20.91,2383,22.69
648,74219,21.99,0.49,118.57,0.74,27.03,1207,1303.71
649,179844,27.26,0.07,23.98,0.48,4.55,2373,67.32
650,165517,1.48,0.06,100.63,0.2,2.52,2137,1147.98
651,237157,40.59,0.35,61.44,0.49,5.15,613,2331.18
652,116511,48.09,0.15,38.12,0.87,23.82,2443,1768.65
653,231690,0.45,0.46,187.59,0.41,0.79,1489,779.02
654,162174,51.8,0.2,147.49,0.42,29.59,702,1899.19
655,347581,52.71,0.45,121.94,0.21,1.29,1410,201.3
656,230048,33.25,0.06,86.26,0.01,6.24,357,3014.1
657,261574,29.75,0.01,164.6,0.22,6.66,1609,2626.72
658,224539,55.62,0.35,41.51,0.81,11.32,2856,1977.93
659,190421,28.75,0.38,160.53,0.51,16.08,314,372.26
660,155879,49.08,0.49,98.22,0.39,25.06,2631,676.82
661,105244,17.22,0.16,81.93,0.1,17.73,342,520.04
662,227790,44.56,0.47,94.78,0.59,11.96,1469,840.63
663,85197,5.95,0.17,150.48,0.32,21.67,2094,18.77
664,95500,29.5,0.22,41.25,0.45,20.88,1959,764.79
665,122103,32.48,0.15,64.23,0.59,19.12,654,457.8
666,136063,49.9,0.08,108.84,0.9,28.1,636,1025.98
667,186293,37.43,0.24,193.62,0.07,24.44,172,2741.03
668,203783,16.19,0.39,83.44,0.91,0.55,2479,1188.07
669,142611,59.8,0.11,18.47,0.84,23.86,969,1638.68
670,99054,27.31,0.22,3.62,0.39,15.55,254,3089.95
671,115518,20.75,0.34,190.56,0.5,27.01,1927,2655.81
672,181147,19.13,0.26,22.66,0.47,1.03,1936,452.43
673,67294,40.17,0.05,17.4,0.32,27.63,2048,1120.6
674,324170,59.02,0.42,88.56,0.44,3.73,1604,2742.24
675,249703,35.27,0.35,157.47,0.22,10.67,947,2875.51
676,243443,13.8,0.23,150.19,0.08,1.95,546,3026.29
677,114024,53.71,0.12,20.89,0.38,27.25,681,1721.99
678,219372,5.8,0.25,158.52,0.65,1.1,2705,2588.16
679,294684,27.81,0.43,177.22,0.13,2.33,2258,632.61
680,121483,26.72,0.15,152.17,0.38,25.35,753,1569.0
681,116203,19.59,0.07,93.26,0.55,17.35,877,2872.1
682,173008,48.36,0.1,22.32,0.11,15.74,2770,2946.47
683,110496,45.49,0.45,1.81,0.05,22.67,377,3197.92
684,171704,41.53,0.2,74.5,0.22,17.23,492,2843.52
685,286686,48.57,0.21,91.79,0.9,3.3,2779,1210.61
686,172970,43.63,0.18,31.3,0.83,13.02,560,290.31
687,144844,12.35,0.34,82.24,0.08,9.58,2372,2482.77
688,246883,31.08,0.37,141.89,0.71,6.45,564,765.98
689,264005,52.13,0.28,135.51,0.83,12.73,126,247.95
690,24007,21.1,0.15,53.71,0.89,29.1,428,2080.82
691,334747,47.03,0.02,168.93,0.91,2.57,1721,2821.47
692,292752,59.78,0.34,39.0,0.64,3.48,2729,1455.86
693,150598,38.63,0.16,41.81,0.54,16.12,636,2584.4
694,197384,28.79,0.33,15.12,0.89,1.36,641,1457.81
695,250151,18.92,0.22,186.31,0.83,4.5,2180,1969.37
696,194710,41.4,0.48,52.65,0.68,11.07,1381,1203.81
697,200159,45.37,0.32,150.05,0.12,21.4,585,1677.62
698,79298,10.05,0.11,129.66,0.14,23.1,544,479.71
699,248711,49.36,0.2,91.69,0.23,10.52,1850,1941.49
700,132836,31.98,0.12,74.91,0.49,18.84,67,1023.11
701,156624,14.44,0.18,131.28,0.39,12.44,1728,79.42
702,103664,30.35,0.45,31.36,0.2,19.32,688,27.19
703,163176,27.63,0.02,110.13,0.94,14.16,125,1471.81
704,268875,59.55,0.48,58.29,0.75,8.08,317,93.76
705,92479,11.97,0.23,181.65,0.6,25.66,2793,1750.13
706,180366,19.4,0.03,114.18,0.78,8.36,2214,2439.0
707,108421,23.46,0.43,86.47,0.07,20.9,1334,1574.17
708,120406,1.33,0.21,38.77,0.13,4.85,2663,3186.06
709,214382,46.48,0.11,65.64,0.39,11.95,181,271.25
710,133446,13.24,0.35,166.99,0.05,19.95,726,2130.45
711,124027,27.23,0.34,133.37,0.04,24.21,164,3037.7
712,262004,56.2,0.48,113.24,0.49,13.45,230,167.29
713,164015,24.12,0.21,15.4,0.04,5.88,18,124.82
714,185138,18.48,0.19,45.78,0.35,2.18,1598,3165.2
715,213363,12.51,0.07,167.84,0.11,7.38,2647,3136.02
716,48654,2.31,0.02,79.9,0.07,20.82,1828,2195.49
717,249702,50.45,0.1,179.68,0.23,19.23,2420,848.73
718,140870,5.14,0.14,74.43,0.41,5.77,1421,623.82
719,191482,32.4,0.03,193.99,0.38,20.71,403,456.91
720,259723,19.46,0.37,159.55,0.11,2.45,87,2777.91
721,226208,41.37,0.26,108.35,0.91,10.81,421,925.28
722,146291,4.57,0.45,123.36,0.02,9.7,2591,385.21
723,95711,37.55,0.06,80.72,0.62,27.28,1680,417.03
724,115128,20.21,0.48,150.35,0.95,22.14,1656,1658.77
725,332658,45.66,0.0,183.01,0.12,5.44,1930,277.18
726,185083,1.84,0.21,130.83,0.22,2.94,250,1337.55
727,146017,29.01,0.24,30.99,0.81,10.74,1311,388.39
728,265078,58.41,0.23,188.22,0.03,21.78,4,2141.66
729,217569,31.26,0.39,93.61,0.86,6.34,2042,1150.16
730,125910,56.34,0.08,53.71,0.82,28.18,2153,1719.28
731,119130,13.48,0.19,136.77,0.27,18.97,1125,722.13
732,132839,12.24,0.33,85.69,0.24,11.92,887,249.21
733,94059,45.32,0.18,30.9,0.74,26.72,118,3042.38
734,286782,50.65,0.18,171.6,0.95,11.68,1140,659.16
735,221083,59.26,0.44,119.53,0.68,21.21,1545,1225.07
736,172578,39.52,0.32,28.06,0.09,12.59,1997,810.24
737,189152,14.02,0.26,122.0,0.68,5.96,1674,342.49
738,154636,22.08,0.11,61.69,0.21,10.25,2879,611.4
739,208318,28.98,0.41,45.22,0.84,2.25,535,2859.23
740,44630,1.8,0.19,77.85,0.28,21.03,1701,2108.49
741,160546,20.39,0.06,86.4,0.98,9.14,1829,971.95
742,236496,40.78,0.23,21.18,0.28,2.22,1135,1400.85
743,102107,25.82,0.29,28.57,0.66,16.7,218,2191.12
744,223158,40.99,0.17,10.67,0.73,2.51,2266,1203.11
745,148283,18.92,0.13,103.74,0.58,13.2,545,334.91
746,130240,14.98,0.03,134.8,0.68,18.03,2694,2066.97
747,174196,26.32,0.31,181.57,0.41,19.76,2246,747.81
748,154523,56.64,0.45,61.36,0.7,24.97,191,1899.79
749,216714,37.17,0.29,172.6,0.49,17.51,2322,546.6
750,160634,2.04,0.33,156.75,0.23,8.74,1410,943.42
751,57096,18.34,0.12,7.85,0.88,17.71,199,965.32
752,289758,58.55,0.46,54.33,0.86,4.18,2511,1798.86
753,23819,10.87,0.37,51.29,0.43,25.49,722,1172.96
754,197816,9.89,0.38,135.16,0.15,5.46,2723,462.2
755,119670,13.25,0.15,23.51,0.82,7.12,1926,2927.49
756,201850,28.83,0.48,167.22,0.6,15.34,1007,1992.15
757,220254,16.42,0.15,87.84,0.09,0.15,667,1443.62
758,216921,10.86,0.42,119.06,0.39,0.55,477,1714.2
759,119829,35.58,0.33,39.85,0.6,19.0,2759,2544.35
760,194530,22.26,0.18,40.45,0.55,1.36,1173,2303.99
761,175393,46.79,0.24,144.69,0.15,26.01,356,1972.13
762,112255,25.57,0.38,32.07,0.11,16.46,2636,1875.95
763,260676,56.07,0.07,93.82,0.58,11.43,2471,2944.13
764,197058,17.15,0.33,83.53,0.98,2.01,2944,2885.22
765,258738,41.76,0.14,117.89,0.89,6.86,1680,676.58
766,169774,33.74,0.22,43.64,0.15,11.11,1643,2489.31
767,280359,30.37,0.01,169.62,0.6,4.03,179,1470.77
768,182370,31.58,0.14,96.8,0.72,12.27,803,2448.48
769,125241,59.04,0.15,21.07,0.47,26.76,1192,526.61
770,16241,3.47,0.32,67.99,0.6,24.92,2443,1054.5
771,147052,15.79,0.18,165.51,0.48,17.61,325,1627.86
772,145241,10.89,0.38,134.8,0.08,13.52,1233,484.51
773,190555,57.57,0.23,36.93,0.01,18.6,2758,367.17
774,94341,23.45,0.44,167.65,0.3,29.4,1502,501.16
775,200640,31.04,0.05,3.32,0.94,0.33,215,2585.06
776,138258,45.86,0.32,91.59,0.85,25.17,2597,1314.61
777,316130,52.31,0.23,164.95,0.96,7.13,595,2016.06
778,108356,14.52,0.37,168.67,0.4,23.95,1755,1179.92
779,187537,22.07,0.48,150.77,0.37,13.17,2886,1616.37
780,378988,57.79,0.39,186.64,0.14,4.63,1264,2847.48
781,172596,48.0,0.39,135.49,0.61,24.91,524,2820.03
782,23162,1.75,0.37,58.48,0.57,21.85,434,1335.63
783,84115,14.25,0.14,16.91,0.26,13.67,372,2002.69
784,157073,29.71,0.37,147.58,0.32,21.09,24,2972.04
785,338730,52.8,0.42,114.25,0.34,1.18,892,1246.19
786,110468,3.61,0.45,44.1,0.76,6.28,2180,1552.85
787,149196,24.97,0.31,1.38,0.23,6.97,2590,502.09
788,289985,51.26,0.35,52.93,0.05,2.83,2973,1261.41
789,231087,57.78,0.15,22.09,0.4,10.23,740,1657.65
790,338403,59.53,0.3,110.23,0.83,3.05,1292,233.87
791,64120,12.01,0.0,13.31,0.3,15.67,1204,159.55
792,21741,1.26,0.08,122.79,0.51,27.63,470,3091.27
793,79009,12.79,0.45,49.07,0.36,17.31,654,1340.56
794,58942,16.38,0.39,55.05,0.53,21.98,313,570.66
795,131631,3.47,0.46,18.53,0.63,0.94,1317,1296.63
796,112554,45.89,0.45,12.48,0.94,21.77,573,2231.78
797,85406,11.68,0.27,150.24,0.35,24.5,1917,2438.19
798,152280,37.89,0.24,52.81,0.52,16.37,1834,2241.11
799,53977,19.98,0.16,73.48,0.25,26.21,2264,2820.0
800,276804,55.63,0.36,18.76,0.14,3.22,2169,2986.92
801,114407,5.9,0.36,10.55,0.86,3.4,1582,1932.14
802,240017,27.91,0.39,134.55,0.86,5.54,2665,1416.5
803,150710,10.43,0.16,86.88,0.66,7.48,1865,862.82
804,157104,7.33,0.02,130.87,0.02,9.86,2441,634.23
805,179657,22.84,0.32,47.5,0.36,5.2,991,1658.26
806,190403,57.11,0.48,124.92,0.1,26.63,84,627.14
807,225451,46.48,0.49,193.94,0.54,22.09,2540,3041.61
808,187837,26.83,0.33,182.12,0.72,17.12,508,791.88
809,184658,24.85,0.04,115.58,0.62,11.31,2164,3162.79
810,119034,21.04,0.33,193.71,0.02,27.66,2897,2011.95
811,256049,46.78,0.4,1.66,0.26,0.76,409,752.1
812,247857,46.85,0.17,141.25,0.26,14.15,2486,2218.88
813,126567,42.98,0.04,106.46,0.16,27.96,1932,374.61
814,195358,9.0,0.07,98.56,0.54,1.01,1189,1725.42
815,201697,27.49,0.35,44.86,0.66,3.2,2451,2388.65
816,136874,23.82,0.11,123.03,0.19,19.38,1602,916.1
817,120169,26.26,0.08,113.32,0.31,21.67,1189,131.46
818,196383,26.99,0.5,132.38,0.51,11.77,522,2929.33
819,121197,20.3,0.02,23.73,0.41,10.87,2068,3138.44
820,163248,44.24,0.26,119.22,0.86,22.87,2261,1549.48
821,194328,33.9,0.09,46.28,0.82,6.66,2302,768.49
822,61240,6.4,0.31,127.19,1.0,22.38,1812,2802.99
823,316408,49.93,0.32,185.42,0.24,9.62,1565,2355.31
824,13254,13.68,0.04,28.82,0.46,26.3,2842,2698.06
825,43008,8.85,0.25,120.49,0.74,27.0,1564,1778.79
826,185003,14.92,0.01,168.97,0.08,12.87,2253,1765.48
827,113802,41.7,0.26,78.42,0.63,25.97,258,207.68
828,180409,48.78,0.03,67.06,0.17,18.4,2659,2056.98
829,198958,34.7,0.39,128.95,0.65,14.22,2594,818.13
830,195127,21.3,0.16,55.73,0.37,2.66,2456,664.04
831,155986,32.67,0.47,55.4,0.55,13.64,1459,1191.38
832,158940,2.53,0.1,62.58,0.59,0.17,2683,2498.24
833,101353,0.35,0.07,184.26,0.57,18.83,2731,814.92
834,17755,18.28,0.14,56.21,0.89,29.47,2583,1729.77
835,176910,30.5,0.1,175.87,0.7,19.77,1724,2415.78
836,153910,38.19,0.05,75.09,0.43,18.69,1223,1842.54
837,290220,56.17,0.29,199.44,0.94,15.94,1706,3073.17
838,88855,28.56,0.12,86.77,0.1,26.3,1875,203.52
839,197061,56.66,0.21,11.32,0.67,13.68,404,850.19
840,127265,43.46,0.07,97.92,0.43,26.9,1202,2088.73
841,104028,7.84,0.47,49.33,0.43,10.76,516,1359.34
842,87385,39.4,0.16,6.74,0.88,22.05,2755,2540.66
843,117597,1.42,0.49,39.03,0.41,4.41,988,2123.17
844,178264,36.95,0.36,140.91,0.43,19.88,882,630.99
845,125714,31.62,0.03,89.34,0.72,19.96,1570,1267.37
846,144404,4.04,0.13,61.56,0.75,2.79,1844,757.51
847,68096,3.85,0.16,78.37,0.35,17.1,2508,900.11
848,230322,58.09,0.04,123.26,0.7,19.36,2971,1874.59
849,385301,57.0,0.39,188.95,0.23,3.48,2851,2438.81
850,185971,45.5,0.49,110.67,0.85,19.26,1282,2005.77
851,208847,45.89,0.2,3.83,0.98,5.61,2508,2124.84
852,122889,47.87,0.06,97.7,0.59,29.08,236,2675.45
853,207466,56.62,0.12,3.83,0.81,11.03,2591,317.27
854,52974,17.23,0.17,135.21,0.85,29.61,1025,779.57
855,23773,6.06,0.23,37.15,0.42,22.23,2740,191.24
856,290026,45.3,0.11,70.93,0.15,1.1,209,2842.47
857,86216,5.27,0.49,77.57,0.87,13.97,2662,279.73
858,314955,50.52,0.05,181.69,0.31,9.66,2034,1746.4
859,242077,14.83,0.34,162.99,0.51,2.14,2901,1577.54
860,170784,47.18,0.01,147.31,0.69,25.89,2524,2995.77
861,153999,25.42,0.15,145.0,0.9,17.7,1119,533.72
862,41936,4.71,0.1,40.69,0.8,17.72,2415,2532.19
863,148499,6.15,0.33,103.0,0.13,7.74,1274,1416.62
864,65825,43.56,0.18,14.02,0.81,28.38,2132,1069.13
865,207588,25.28,0.03,129.7,0.87,8.43,636,2213.69
866,108334,38.04,0.11,14.1,0.87,19.36,1184,2439.56
867,182641,4.06,0.02,165.14,0.85,6.19,2765,1382.77
868,298510,32.12,0.19,179.11,0.34,3.51,2579,3012.09
869,144208,44.31,0.48,155.82,0.99,29.1,2284,161.03
870,80703,34.24,0.17,74.62,0.8,27.19,79,57.69
871,205225,37.18,0.01,56.32,0.82,7.64,2521,1807.85
872,253424,50.22,0.09,49.68,0.0,7.19,288,2611.38
873,53899,1.09,0.26,163.39,0.63,25.98,2884,2214.17
874,229310,49.15,0.4,116.14,0.15,16.56,418,558.4
875,299187,51.68,0.1,122.56,0.78,6.3,595,29.11
876,173478,13.23,0.29,195.4,0.01,15.68,2952,467.51
877,288039,58.8,0.24,76.2,0.8,6.74,2111,2505.12
878,312327,56.56,0.39,90.05,0.73,3.59,1329,2307.37
879,133576,36.8,0.05,81.63,0.13,21.89,1461,215.31
880,187673,36.96,0.27,29.29,0.15,8.79,148,866.19
881,57588,27.14,0.5,43.53,0.97,25.08,2910,2190.19
882,153180,34.81,0.43,194.68,0.73,27.33,2990,951.09
883,172092,29.33,0.49,151.35,0.48,18.55,2744,1743.44
884,126489,39.62,0.12,138.4,0.17,29.55,564,956.56
885,277854,47.44,0.28,194.14,0.29,14.86,633,2545.85
886,89841,16.4,0.06,146.48,0.25,25.48,935,2020.94
887,201977,46.16,0.1,151.41,0.04,22.43,1139,839.28
888,264661,52.04,0.41,90.87,0.78,8.36,454,3187.92
889,23336,6.58,0.35,85.99,0.46,26.82,1580,1694.51
890,123992,41.62,0.36,45.92,0.64,21.37,996,786.62
891,294288,57.46,0.45,174.81,0.69,14.54,177,1223.56
892,170391,43.09,0.44,13.4,0.47,12.55,1042,2504.79
893,174779,37.02,0.34,131.03,0.18,20.33,435,3071.19
894,339205,40.41,0.08,185.83,0.24,2.44,1015,166.48
895,59136,29.15,0.4,33.5,0.81,25.15,203,3033.14
896,125623,8.19,0.31,65.65,0.97,7.2,1425,3140.55
897,28649,0.66,0.07,11.12,0.99,15.08,2209,1395.43
898,12198,3.92,0.11,13.5,0.66,20.53,2166,460.38
899,177431,30.57,0.03,12.36,0.92,4.19,1143,1006.68
900,320360,42.39,0.17,160.76,0.6,2.56,767,2064.48
901,196349,50.29,0.1,143.02,0.8,22.6,896,484.05
902,308652,28.39,0.09,191.97,0.77,0.73,1063,913.29
903,66194,1.46,0.35,69.3,0.56,15.6,870,533.92
904,274166,39.31,0.49,146.55,0.79,6.84,824,282.87
905,142926,10.93,0.41,160.6,0.02,16.63,225,233.28
906,133762,10.59,0.4,134.49,0.47,14.81,134,2005.61
907,299817,22.36,0.44,190.3,0.3,0.21,1839,1331.72
908,262531,36.61,0.28,150.49,0.34,8.16,104,202.41
909,185953,38.54,0.38,137.61,0.74,19.0,548,986.73
910,52925,10.41,0.06,160.29,0.68,29.08,1506,2155.55
911,158623,34.08,0.45,80.91,0.9,15.74,1716,3149.09
912,196415,17.92,0.19,54.3,0.25,0.94,1601,1337.5
913,163447,52.38,0.45,50.09,0.76,21.96,1797,677.49
914,334546,49.73,0.33,126.46,0.36,1.39,1641,540.0
915,128541,42.46,0.36,78.62,0.36,24.89,2558,2618.75
916,284063,50.66,0.0,146.99,0.99,9.35,1114,2313.09
917,245512,26.41,0.26,132.34,0.62,4.11,1996,2217.21
918,327681,41.55,0.41,190.29,0.58,4.16,2042,2970.79
919,228984,46.83,0.03,11.4,0.88,4.09,1070,2369.63
920,84933,37.12,0.05,88.51,0.25,29.57,529,1905.33
921,192334,34.04,0.42,29.38,0.21,6.86,1302,1173.51
922,74928,26.92,0.19,84.67,0.56,26.71,1394,169.04
923,182474,11.13,0.12,111.38,0.33,5.31,415,350.34
924,106091,17.78,0.38,141.33,0.32,23.17,2567,2555.38
925,87593,42.97,0.15,65.25,0.25,29.9,13,1122.27
926,289857,34.95,0.06,164.72,0.65,4.23,2419,2557.06
927,58427,41.7,0.49,15.79,1.0,28.95,727,1409.93
928,140429,11.51,0.31,28.24,0.2,5.07,1027,1800.5
929,139162,18.71,0.06,63.51,0.66,10.1,2817,789.3
930,245831,45.08,0.07,98.51,0.07,10.83,45,2747.98
931,144748,5.88,0.32,106.29,0.75,7.45,749,103.96
932,53565,8.9,0.23,7.79,0.73,14.83,2439,405.24
933,207287,13.64,0.38,176.19,0.57,8.32,2248,2676.61
934,155969,33.47,0.42,159.19,0.3,24.19,1374,996.84
935,159309,29.82,0.34,6.98,0.83,7.12,1542,1336.67
936,350917,51.03,0.25,157.48,0.73,1.54,2623,1711.36
937,224598,13.27,0.02,109.77,0.03,0.62,2570,501.63
938,147229,28.89,0.45,23.08,0.06,11.55,2543,794.52
939,1992,4.93,0.28,50.57,0.77,26.1,987,418.03
940,138872,26.13,0.4,80.38,0.58,15.69,997,495.32
941,320641,39.02,0.19,150.0,0.05,1.22,865,423.91
942,228865,29.89,0.03,134.23,0.81,7.43,771,2571.82
943,107676,8.11,0.16,133.57,0.51,17.44,1767,3097.17
944,156583,21.2,0.47,163.75,0.91,17.29,2790,32.15
945,191869,42.15,0.18,36.69,0.73,10.14,98,1300.68
946,223742,37.42,0.32,93.26,0.13,9.82,502,260.72
947,116892,50.39,0.04,16.45,0.93,22.65,2480,2860.71
948,232062,40.59,0.31,138.18,0.14,14.06,2533,2039.69
949,137638,36.47,0.42,169.48,0.58,28.49,574,466.01
950,338139,38.18,0.1,191.62,0.8,0.59,1789,1846.2
951,167423,45.66,0.35,162.83,0.33,28.1,2962,1877.13
952,364483,54.04,0.45,139.23,0.22,0.8,246,2795.77
953,51882,6.34,0.4,176.97,0.42,29.7,819,1783.21
954,185344,30.73,0.28,118.97,0.06,15.18,821,3100.62
955,211083,29.2,0.36,37.58,0.54,2.12,897,754.18
956,96683,10.65,0.48,74.69,0.07,15.73,2305,859.52
957,323740,52.25,0.24,167.47,0.95,6.71,18,3027.8
958,108168,29.83,0.14,90.95,0.42,23.31,1556,2420.19
959,271308,48.3,0.08,109.29,0.35,8.17,411,638.94
960,78613,35.58,0.42,69.16,0.37,28.45,787,2946.42
961,313734,48.39,0.14,114.35,0.15,4.68,2612,2428.73
962,311484,56.68,0.27,140.23,0.22,9.33,1549,2359.78
963,251534,25.78,0.01,109.97,0.21,1.54,1105,431.93
964,116207,14.83,0.45,109.68,0.58,16.48,572,551.64
965,156321,22.81,0.1,179.47,0.5,20.54,1040,2568.63
966,36272,4.33,0.31,20.65,0.78,16.95,2728,1690.17
967,194891,37.07,0.48,134.96,0.58,16.75,91,1726.92
968,194625,46.59,0.43,162.93,0.63,23.27,580,2575.89
969,305324,55.46,0.47,137.09,0.67,8.76,2576,807.43
970,185879,43.15,0.03,148.45,0.13,22.74,433,3132.63
971,357526,46.22,0.46,167.58,0.48,0.28,1273,1810.73
972,131070,19.15,0.13,134.3,0.74,17.77,421,2902.35
973,214513,21.01,0.2,86.72,0.03,3.24,1445,2087.3
974,251300,35.58,0.4,139.79,0.51,8.46,2864,1291.26
975,137823,4.81,0.25,144.55,0.28,13.17,2569,1734.45
976,131020,52.12,0.4,83.16,0.68,28.21,254,3090.68
977,126782,2.5,0.22,6.49,0.3,0.54,2561,2958.91
978,10742,9.12,0.39,2.06,0.42,22.81,1390,1323.73
979,280158,48.95,0.07,127.54,0.56,8.69,241,2121.15
980,223892,22.1,0.48,195.67,0.2,12.28,1982,2396.8
981,193666,52.02,0.32,42.98,0.78,15.09,968,1139.42
982,153581,35.2,0.2,62.78,0.5,15.42,1169,556.73
983,216887,43.9,0.2,1.06,0.04,5.2,214,1552.93
984,189351,39.39,0.46,60.66,0.09,12.57,1465,2705.06
985,29361,15.94,0.04,49.68,0.14,26.78,1405,523.93
986,222730,57.33,0.22,195.07,0.09,27.98,1552,2999.94
987,26191,19.69,0.18,32.6,0.81,26.22,1840,2238.49
988,132714,19.48,0.23,116.64,0.21,17.53,2156,1564.64
989,32894,22.79,0.49,39.33,0.26,29.23,503,1020.22
990,39091,13.84,0.14,37.71,0.33,23.13,2902,1201.03
991,37290,7.81,0.19,78.55,0.62,23.4,1820,653.62
